location_key,province,month,new_confirmed,new_deceased,cumulative_confirmed,cumulative_deceased,StringencyIndex_Average,year,month_num
CN_AH,Anhui,2020-01,237.0,0.0,237.0,0.0,18.48935483870968,2020,1
CN_AH,Anhui,2020-02,753.0,6.0,990.0,6.0,74.7448275862069,2020,2
CN_AH,Anhui,2020-03,0.0,0.0,990.0,6.0,66.0125806451613,2020,3
CN_AH,Anhui,2020-04,1.0,0.0,991.0,6.0,56.482,2020,4
CN_AH,Anhui,2020-05,0.0,0.0,991.0,6.0,50.181935483870966,2020,5
CN_AH,Anhui,2020-06,0.0,0.0,991.0,6.0,46.3,2020,6
CN_AH,Anhui,2020-07,0.0,0.0,991.0,6.0,46.3,2020,7
CN_AH,Anhui,2020-08,0.0,0.0,991.0,6.0,46.3,2020,8
CN_AH,Anhui,2020-09,0.0,0.0,991.0,6.0,45.744,2020,9
CN_AH,Anhui,2020-10,0.0,0.0,991.0,6.0,40.74,2020,10
CN_AH,Anhui,2020-11,1.0,0.0,992.0,6.0,43.242,2020,11
CN_AH,Anhui,2020-12,1.0,0.0,993.0,6.0,44.594193548387096,2020,12
CN_AH,Anhui,2021-01,1.0,0.0,994.0,6.0,53.28483870967742,2021,1
CN_AH,Anhui,2021-02,0.0,0.0,994.0,6.0,51.85071428571429,2021,2
CN_AH,Anhui,2021-03,0.0,0.0,994.0,6.0,40.74,2021,3
CN_AH,Anhui,2021-04,0.0,0.0,994.0,6.0,40.74,2021,4
CN_AH,Anhui,2021-05,10.0,0.0,1004.0,6.0,52.47741935483871,2021,5
CN_AH,Anhui,2021-06,2.0,0.0,1006.0,6.0,44.906,2021,6
CN_AH,Anhui,2021-07,2.0,0.0,1008.0,6.0,41.09870967741935,2021,7
CN_AH,Anhui,2021-08,0.0,0.0,1008.0,6.0,60.64741935483871,2021,8
CN_AH,Anhui,2021-09,0.0,0.0,1008.0,6.0,57.80666666666666,2021,9
CN_AH,Anhui,2021-10,0.0,0.0,1008.0,6.0,56.94,2021,10
CN_AH,Anhui,2021-11,0.0,0.0,1008.0,6.0,56.93999999999999,2021,11
CN_AH,Anhui,2021-12,1.0,0.0,1009.0,6.0,56.94,2021,12
CN_AH,Anhui,2022-01,0.0,0.0,1009.0,6.0,56.94,2022,1
CN_AH,Anhui,2022-02,2.0,0.0,1011.0,6.0,51.48714285714285,2022,2
CN_AH,Anhui,2022-03,26.0,0.0,1037.0,6.0,74.13225806451612,2022,3
CN_AH,Anhui,2022-04,28.0,0.0,1065.0,6.0,75.90866666666666,2022,4
CN_AH,Anhui,2022-05,0.0,0.0,1065.0,6.0,66.72419354838709,2022,5
CN_AH,Anhui,2022-06,1.0,0.0,1066.0,6.0,55.492666666666665,2022,6
CN_AH,Anhui,2022-07,438.0,0.0,1504.0,6.0,84.72,2022,7
CN_AH,Anhui,2022-08,2.0,0.0,1506.0,6.0,78.13548387096773,2022,8
CN_AH,Anhui,2022-09,0.0,0.0,1506.0,6.0,74.42823529411764,2022,9
CN_BJ,Beijing,2020-01,139.0,1.0,139.0,1.0,21.089032258064517,2020,1
CN_BJ,Beijing,2020-02,272.0,7.0,411.0,8.0,75.93,2020,2
CN_BJ,Beijing,2020-03,169.0,0.0,580.0,8.0,77.35774193548387,2020,3
CN_BJ,Beijing,2020-04,13.0,1.0,593.0,9.0,75.25033333333334,2020,4
CN_BJ,Beijing,2020-05,0.0,0.0,593.0,9.0,66.67,2020,5
CN_BJ,Beijing,2020-06,326.0,0.0,919.0,9.0,68.45866666666667,2020,6
CN_BJ,Beijing,2020-07,14.0,0.0,933.0,9.0,69.83387096774193,2020,7
CN_BJ,Beijing,2020-08,2.0,0.0,935.0,9.0,49.16451612903226,2020,8
CN_BJ,Beijing,2020-09,1.0,0.0,936.0,9.0,44.626999999999995,2020,9
CN_BJ,Beijing,2020-10,6.0,0.0,942.0,9.0,38.89,2020,10
CN_BJ,Beijing,2020-11,8.0,0.0,950.0,9.0,41.392,2020,11
CN_BJ,Beijing,2020-12,32.0,0.0,982.0,9.0,44.505483870967744,2020,12
CN_BJ,Beijing,2021-01,54.0,0.0,1036.0,9.0,50.79419354838709,2021,1
CN_BJ,Beijing,2021-02,11.0,0.0,1047.0,9.0,56.02,2021,2
CN_BJ,Beijing,2021-03,2.0,0.0,1049.0,9.0,53.16709677419355,2021,3
CN_BJ,Beijing,2021-04,8.0,0.0,1057.0,9.0,47.22,2021,4
CN_BJ,Beijing,2021-05,2.0,0.0,1059.0,9.0,47.22,2021,5
CN_BJ,Beijing,2021-06,19.0,0.0,1078.0,9.0,47.22,2021,6
CN_BJ,Beijing,2021-07,11.0,0.0,1089.0,9.0,48.20612903225806,2021,7
CN_BJ,Beijing,2021-08,27.0,0.0,1116.0,9.0,60.93,2021,8
CN_BJ,Beijing,2021-09,7.0,0.0,1123.0,9.0,52.965,2021,9
CN_BJ,Beijing,2021-10,39.0,0.0,1162.0,9.0,56.2141935483871,2021,10
CN_BJ,Beijing,2021-11,29.0,0.0,1191.0,9.0,67.34333333333333,2021,11
CN_BJ,Beijing,2021-12,18.0,0.0,1209.0,9.0,65.74,2021,12
CN_BJ,Beijing,2022-01,89.0,0.0,1298.0,9.0,66.54709677419355,2022,1
CN_BJ,Beijing,2022-02,169.0,0.0,1467.0,9.0,66.33571428571427,2022,2
CN_BJ,Beijing,2022-03,300.0,0.0,1767.0,9.0,66.8141935483871,2022,3
CN_BJ,Beijing,2022-04,335.0,0.0,2102.0,9.0,68.393,2022,4
CN_BJ,Beijing,2022-05,1266.0,0.0,3368.0,9.0,82.70645161290322,2022,5
CN_BJ,Beijing,2022-06,315.0,0.0,3683.0,9.0,84.26,2022,6
CN_BJ,Beijing,2022-07,66.0,0.0,3749.0,9.0,82.46645161290323,2022,7
CN_BJ,Beijing,2022-08,229.0,0.0,3978.0,9.0,81.48,2022,8
CN_BJ,Beijing,2022-09,163.0,0.0,4141.0,9.0,80.28294117647059,2022,9
CN_CQ,Chongqing,2020-01,211.0,0.0,211.0,0.0,17.77225806451613,2020,1
CN_CQ,Chongqing,2020-02,365.0,6.0,576.0,6.0,67.62310344827587,2020,2
CN_CQ,Chongqing,2020-03,3.0,0.0,579.0,6.0,66.57516129032258,2020,3
CN_CQ,Chongqing,2020-04,0.0,0.0,579.0,6.0,62.53333333333333,2020,4
CN_CQ,Chongqing,2020-05,0.0,0.0,579.0,6.0,60.19,2020,5
CN_CQ,Chongqing,2020-06,3.0,0.0,582.0,6.0,56.60366666666666,2020,6
CN_CQ,Chongqing,2020-07,1.0,0.0,583.0,6.0,55.04774193548387,2020,7
CN_CQ,Chongqing,2020-08,0.0,0.0,583.0,6.0,52.78,2020,8
CN_CQ,Chongqing,2020-09,1.0,0.0,584.0,6.0,49.53666666666666,2020,9
CN_CQ,Chongqing,2020-10,5.0,0.0,589.0,6.0,44.44,2020,10
CN_CQ,Chongqing,2020-11,1.0,0.0,590.0,6.0,46.942,2020,11
CN_CQ,Chongqing,2020-12,0.0,0.0,590.0,6.0,47.22,2020,12
CN_CQ,Chongqing,2021-01,1.0,0.0,591.0,6.0,47.22,2021,1
CN_CQ,Chongqing,2021-02,0.0,0.0,591.0,6.0,47.418214285714285,2021,2
CN_CQ,Chongqing,2021-03,0.0,0.0,591.0,6.0,47.22,2021,3
CN_CQ,Chongqing,2021-04,5.0,0.0,596.0,6.0,47.22,2021,4
CN_CQ,Chongqing,2021-05,2.0,0.0,598.0,6.0,45.964516129032255,2021,5
CN_CQ,Chongqing,2021-06,0.0,0.0,598.0,6.0,44.43999999999999,2021,6
CN_CQ,Chongqing,2021-07,5.0,0.0,603.0,6.0,44.44,2021,7
CN_CQ,Chongqing,2021-08,0.0,0.0,603.0,6.0,45.817419354838705,2021,8
CN_CQ,Chongqing,2021-09,0.0,0.0,603.0,6.0,44.43999999999999,2021,9
CN_CQ,Chongqing,2021-10,0.0,0.0,603.0,6.0,44.44,2021,10
CN_CQ,Chongqing,2021-11,7.0,0.0,610.0,6.0,59.444,2021,11
CN_CQ,Chongqing,2021-12,1.0,0.0,611.0,6.0,56.453548387096774,2021,12
CN_CQ,Chongqing,2022-01,1.0,0.0,612.0,6.0,58.33,2022,1
CN_CQ,Chongqing,2022-02,4.0,0.0,616.0,6.0,58.33,2022,2
CN_CQ,Chongqing,2022-03,75.0,0.0,691.0,6.0,55.56,2022,3
CN_CQ,Chongqing,2022-04,6.0,0.0,697.0,6.0,55.37466666666667,2022,4
CN_CQ,Chongqing,2022-05,14.0,0.0,711.0,6.0,50.0,2022,5
CN_CQ,Chongqing,2022-06,22.0,0.0,733.0,6.0,50.0,2022,6
CN_CQ,Chongqing,2022-07,51.0,0.0,784.0,6.0,53.347096774193545,2022,7
CN_CQ,Chongqing,2022-08,198.0,0.0,982.0,6.0,76.62903225806451,2022,8
CN_CQ,Chongqing,2022-09,36.0,0.0,1018.0,6.0,55.692352941176466,2022,9
CN_FJ,Fujian,2020-01,120.0,0.0,120.0,0.0,19.236129032258063,2020,1
CN_FJ,Fujian,2020-02,176.0,1.0,296.0,1.0,72.86137931034483,2020,2
CN_FJ,Fujian,2020-03,47.0,0.0,343.0,1.0,70.78870967741935,2020,3
CN_FJ,Fujian,2020-04,12.0,0.0,355.0,1.0,67.933,2020,4
CN_FJ,Fujian,2020-05,3.0,0.0,358.0,1.0,59.94548387096774,2020,5
CN_FJ,Fujian,2020-06,5.0,0.0,363.0,1.0,56.48,2020,6
CN_FJ,Fujian,2020-07,3.0,0.0,366.0,1.0,55.04774193548387,2020,7
CN_FJ,Fujian,2020-08,16.0,0.0,382.0,1.0,52.78,2020,8
CN_FJ,Fujian,2020-09,27.0,0.0,409.0,1.0,52.224000000000004,2020,9
CN_FJ,Fujian,2020-10,27.0,0.0,436.0,1.0,47.22,2020,10
CN_FJ,Fujian,2020-11,51.0,0.0,487.0,1.0,49.722,2020,11
CN_FJ,Fujian,2020-12,25.0,0.0,512.0,1.0,50.089677419354835,2020,12
CN_FJ,Fujian,2021-01,29.0,0.0,541.0,1.0,54.98967741935484,2021,1
CN_FJ,Fujian,2021-02,10.0,0.0,551.0,1.0,59.65857142857143,2021,2
CN_FJ,Fujian,2021-03,10.0,0.0,561.0,1.0,52.14967741935484,2021,3
CN_FJ,Fujian,2021-04,30.0,0.0,591.0,1.0,44.43999999999999,2021,4
CN_FJ,Fujian,2021-05,30.0,0.0,621.0,1.0,41.93354838709678,2021,5
CN_FJ,Fujian,2021-06,56.0,0.0,677.0,1.0,39.257333333333335,2021,6
CN_FJ,Fujian,2021-07,59.0,0.0,736.0,1.0,40.76967741935484,2021,7
CN_FJ,Fujian,2021-08,52.0,0.0,788.0,1.0,48.40451612903226,2021,8
CN_FJ,Fujian,2021-09,494.0,0.0,1282.0,1.0,63.71933333333333,2021,9
CN_FJ,Fujian,2021-10,21.0,0.0,1303.0,1.0,56.34870967741935,2021,10
CN_FJ,Fujian,2021-11,18.0,0.0,1321.0,1.0,42.13,2021,11
CN_FJ,Fujian,2021-12,38.0,0.0,1359.0,1.0,43.07064516129032,2021,12
CN_FJ,Fujian,2022-01,94.0,0.0,1453.0,1.0,56.15451612903226,2022,1
CN_FJ,Fujian,2022-02,101.0,0.0,1554.0,1.0,61.574999999999996,2022,2
CN_FJ,Fujian,2022-03,1223.0,0.0,2777.0,1.0,62.453548387096774,2022,3
CN_FJ,Fujian,2022-04,241.0,0.0,3018.0,1.0,61.72666666666667,2022,4
CN_FJ,Fujian,2022-05,240.0,0.0,3258.0,1.0,54.32774193548387,2022,5
CN_FJ,Fujian,2022-06,171.0,0.0,3429.0,1.0,53.7,2022,6
CN_FJ,Fujian,2022-07,269.0,0.0,3698.0,1.0,53.7,2022,7
CN_FJ,Fujian,2022-08,367.0,0.0,4065.0,1.0,55.53935483870968,2022,8
CN_FJ,Fujian,2022-09,147.0,0.0,4212.0,1.0,53.7,2022,9
CN_GD,Guangdong,2020-01,436.0,0.0,436.0,0.0,21.536451612903225,2020,1
CN_GD,Guangdong,2020-02,913.0,7.0,1349.0,7.0,71.3,2020,2
CN_GD,Guangdong,2020-03,145.0,1.0,1494.0,8.0,75.26903225806453,2020,3
CN_GD,Guangdong,2020-04,94.0,0.0,1588.0,8.0,77.902,2020,4
CN_GD,Guangdong,2020-05,5.0,0.0,1593.0,8.0,65.77064516129032,2020,5
CN_GD,Guangdong,2020-06,48.0,0.0,1641.0,8.0,58.27333333333333,2020,6
CN_GD,Guangdong,2020-07,37.0,0.0,1678.0,8.0,56.094193548387096,2020,7
CN_GD,Guangdong,2020-08,61.0,0.0,1739.0,8.0,58.42,2020,8
CN_GD,Guangdong,2020-09,88.0,0.0,1827.0,8.0,57.775999999999996,2020,9
CN_GD,Guangdong,2020-10,92.0,0.0,1919.0,8.0,47.22,2020,10
CN_GD,Guangdong,2020-11,70.0,0.0,1989.0,8.0,49.722,2020,11
CN_GD,Guangdong,2020-12,55.0,0.0,2044.0,8.0,50.0,2020,12
CN_GD,Guangdong,2021-01,80.0,0.0,2124.0,8.0,41.575483870967744,2021,1
CN_GD,Guangdong,2021-02,82.0,0.0,2206.0,8.0,40.74,2021,2
CN_GD,Guangdong,2021-03,73.0,0.0,2279.0,8.0,40.74,2021,3
CN_GD,Guangdong,2021-04,58.0,0.0,2337.0,8.0,35.559999999999995,2021,4
CN_GD,Guangdong,2021-05,118.0,0.0,2455.0,8.0,37.71354838709677,2021,5
CN_GD,Guangdong,2021-06,282.0,0.0,2737.0,8.0,61.824,2021,6
CN_GD,Guangdong,2021-07,145.0,0.0,2882.0,8.0,48.43064516129032,2021,7
CN_GD,Guangdong,2021-08,177.0,0.0,3059.0,8.0,54.898387096774194,2021,8
CN_GD,Guangdong,2021-09,112.0,0.0,3171.0,8.0,50.09133333333333,2021,9
CN_GD,Guangdong,2021-10,53.0,0.0,3224.0,8.0,52.71354838709678,2021,10
CN_GD,Guangdong,2021-11,86.0,0.0,3310.0,8.0,47.53333333333333,2021,11
CN_GD,Guangdong,2021-12,136.0,0.0,3446.0,8.0,57.317419354838705,2021,12
CN_GD,Guangdong,2022-01,281.0,0.0,3727.0,8.0,55.85290322580644,2022,1
CN_GD,Guangdong,2022-02,883.0,0.0,4610.0,8.0,56.33357142857143,2022,2
CN_GD,Guangdong,2022-03,1976.0,0.0,6586.0,8.0,66.50096774193547,2022,3
CN_GD,Guangdong,2022-04,447.0,0.0,7033.0,8.0,62.128,2022,4
CN_GD,Guangdong,2022-05,268.0,0.0,7301.0,8.0,64.56,2022,5
CN_GD,Guangdong,2022-06,145.0,0.0,7446.0,8.0,64.35,2022,6
CN_GD,Guangdong,2022-07,663.0,0.0,8109.0,8.0,65.54354838709678,2022,7
CN_GD,Guangdong,2022-08,859.0,0.0,8968.0,8.0,66.2,2022,8
CN_GD,Guangdong,2022-09,761.0,0.0,9729.0,8.0,67.0729411764706,2022,9
CN_GS,Gansu,2020-01,29.0,0.0,29.0,0.0,18.429999999999996,2020,1
CN_GS,Gansu,2020-02,62.0,2.0,91.0,2.0,71.39275862068965,2020,2
CN_GS,Gansu,2020-03,47.0,0.0,138.0,2.0,59.740322580645156,2020,3
CN_GS,Gansu,2020-04,1.0,0.0,139.0,2.0,59.384,2020,4
CN_GS,Gansu,2020-05,0.0,0.0,139.0,2.0,46.77161290322581,2020,5
CN_GS,Gansu,2020-06,25.0,0.0,164.0,2.0,44.43999999999999,2020,6
CN_GS,Gansu,2020-07,3.0,0.0,167.0,2.0,43.48516129032258,2020,7
CN_GS,Gansu,2020-08,2.0,0.0,169.0,2.0,40.74,2020,8
CN_GS,Gansu,2020-09,2.0,0.0,171.0,2.0,40.184999999999995,2020,9
CN_GS,Gansu,2020-10,0.0,0.0,170.0,2.0,35.19,2020,10
CN_GS,Gansu,2020-11,12.0,0.0,182.0,2.0,37.683,2020,11
CN_GS,Gansu,2020-12,0.0,0.0,182.0,2.0,37.96,2020,12
CN_GS,Gansu,2021-01,5.0,0.0,187.0,2.0,39.932903225806456,2021,1
CN_GS,Gansu,2021-02,0.0,0.0,187.0,2.0,40.74,2021,2
CN_GS,Gansu,2021-03,6.0,0.0,193.0,2.0,40.74,2021,3
CN_GS,Gansu,2021-04,0.0,0.0,193.0,2.0,40.74,2021,4
CN_GS,Gansu,2021-05,1.0,0.0,194.0,2.0,38.498064516129034,2021,5
CN_GS,Gansu,2021-06,1.0,0.0,195.0,2.0,40.74,2021,6
CN_GS,Gansu,2021-07,4.0,0.0,199.0,2.0,40.74,2021,7
CN_GS,Gansu,2021-08,0.0,0.0,199.0,2.0,48.673870967741934,2021,8
CN_GS,Gansu,2021-09,0.0,0.0,199.0,2.0,49.54,2021,9
CN_GS,Gansu,2021-10,96.0,0.0,295.0,2.0,60.12645161290323,2021,10
CN_GS,Gansu,2021-11,49.0,0.0,344.0,2.0,71.13933333333333,2021,11
CN_GS,Gansu,2021-12,12.0,0.0,356.0,2.0,51.998709677419356,2021,12
CN_GS,Gansu,2022-01,0.0,0.0,356.0,2.0,62.96,2022,1
CN_GS,Gansu,2022-02,12.0,0.0,368.0,2.0,59.222500000000004,2022,2
CN_GS,Gansu,2022-03,313.0,0.0,681.0,2.0,68.05580645161291,2022,3
CN_GS,Gansu,2022-04,0.0,0.0,681.0,2.0,70.72633333333333,2022,4
CN_GS,Gansu,2022-05,0.0,0.0,681.0,2.0,62.76903225806451,2022,5
CN_GS,Gansu,2022-06,1.0,0.0,682.0,2.0,63.17766666666667,2022,6
CN_GS,Gansu,2022-07,616.0,0.0,1298.0,2.0,72.50290322580646,2022,7
CN_GS,Gansu,2022-08,48.0,0.0,1346.0,2.0,69.48548387096774,2022,8
CN_GS,Gansu,2022-09,4.0,0.0,1350.0,2.0,71.97529411764705,2022,9
CN_GX,Guangxi,2020-01,87.0,0.0,87.0,0.0,16.309677419354838,2020,1
CN_GX,Guangxi,2020-02,165.0,2.0,252.0,2.0,78.95931034482759,2020,2
CN_GX,Guangxi,2020-03,2.0,0.0,254.0,2.0,68.42935483870967,2020,3
CN_GX,Guangxi,2020-04,0.0,0.0,254.0,2.0,58.39666666666667,2020,4
CN_GX,Guangxi,2020-05,0.0,0.0,254.0,2.0,48.38580645161291,2020,5
CN_GX,Guangxi,2020-06,0.0,0.0,254.0,2.0,44.43999999999999,2020,6
CN_GX,Guangxi,2020-07,1.0,0.0,255.0,2.0,43.00774193548387,2020,7
CN_GX,Guangxi,2020-08,0.0,0.0,255.0,2.0,40.74,2020,8
CN_GX,Guangxi,2020-09,4.0,0.0,259.0,2.0,40.184999999999995,2020,9
CN_GX,Guangxi,2020-10,1.0,0.0,260.0,2.0,35.19,2020,10
CN_GX,Guangxi,2020-11,3.0,0.0,263.0,2.0,37.683,2020,11
CN_GX,Guangxi,2020-12,1.0,0.0,264.0,2.0,38.498064516129034,2020,12
CN_GX,Guangxi,2021-01,3.0,0.0,267.0,2.0,44.23483870967742,2021,1
CN_GX,Guangxi,2021-02,0.0,0.0,267.0,2.0,44.16535714285714,2021,2
CN_GX,Guangxi,2021-03,0.0,0.0,267.0,2.0,44.91,2021,3
CN_GX,Guangxi,2021-04,3.0,0.0,270.0,2.0,42.269,2021,4
CN_GX,Guangxi,2021-05,5.0,0.0,275.0,2.0,40.74,2021,5
CN_GX,Guangxi,2021-06,0.0,0.0,275.0,2.0,40.74,2021,6
CN_GX,Guangxi,2021-07,2.0,0.0,277.0,2.0,40.74,2021,7
CN_GX,Guangxi,2021-08,12.0,0.0,289.0,2.0,48.26451612903226,2021,8
CN_GX,Guangxi,2021-09,9.0,0.0,298.0,2.0,49.07,2021,9
CN_GX,Guangxi,2021-10,40.0,0.0,338.0,2.0,49.07,2021,10
CN_GX,Guangxi,2021-11,62.0,0.0,400.0,2.0,51.572,2021,11
CN_GX,Guangxi,2021-12,213.0,0.0,613.0,2.0,51.85,2021,12
CN_GX,Guangxi,2022-01,91.0,0.0,704.0,2.0,51.85,2022,1
CN_GX,Guangxi,2022-02,397.0,0.0,1101.0,2.0,55.29071428571429,2022,2
CN_GX,Guangxi,2022-03,378.0,0.0,1479.0,2.0,55.56,2022,3
CN_GX,Guangxi,2022-04,104.0,0.0,1583.0,2.0,55.56000000000001,2022,4
CN_GX,Guangxi,2022-05,49.0,0.0,1632.0,2.0,55.56,2022,5
CN_GX,Guangxi,2022-06,17.0,0.0,1649.0,2.0,55.56000000000001,2022,6
CN_GX,Guangxi,2022-07,534.0,0.0,2183.0,2.0,65.7,2022,7
CN_GX,Guangxi,2022-08,71.0,0.0,2254.0,2.0,63.84870967741935,2022,8
CN_GX,Guangxi,2022-09,63.0,0.0,2317.0,2.0,66.20411764705882,2022,9
CN_GZ,Guizhou,2020-01,29.0,0.0,29.0,0.0,20.34225806451613,2020,1
CN_GZ,Guizhou,2020-02,117.0,2.0,146.0,2.0,74.93620689655172,2020,2
CN_GZ,Guizhou,2020-03,1.0,0.0,147.0,2.0,75.41677419354839,2020,3
CN_GZ,Guizhou,2020-04,1.0,0.0,147.0,2.0,67.52933333333333,2020,4
CN_GZ,Guizhou,2020-05,0.0,0.0,147.0,2.0,52.1483870967742,2020,5
CN_GZ,Guizhou,2020-06,0.0,0.0,147.0,2.0,44.81733333333333,2020,6
CN_GZ,Guizhou,2020-07,0.0,0.0,147.0,2.0,40.74,2020,7
CN_GZ,Guizhou,2020-08,0.0,0.0,147.0,2.0,40.74,2020,8
CN_GZ,Guizhou,2020-09,0.0,0.0,147.0,2.0,40.184999999999995,2020,9
CN_GZ,Guizhou,2020-10,0.0,0.0,147.0,2.0,35.19,2020,10
CN_GZ,Guizhou,2020-11,0.0,0.0,147.0,2.0,37.683,2020,11
CN_GZ,Guizhou,2020-12,0.0,0.0,147.0,2.0,39.57322580645161,2020,12
CN_GZ,Guizhou,2021-01,0.0,0.0,147.0,2.0,54.63,2021,1
CN_GZ,Guizhou,2021-02,0.0,0.0,147.0,2.0,51.057857142857145,2021,2
CN_GZ,Guizhou,2021-03,0.0,0.0,147.0,2.0,37.96,2021,3
CN_GZ,Guizhou,2021-04,0.0,0.0,147.0,2.0,37.96,2021,4
CN_GZ,Guizhou,2021-05,0.0,0.0,147.0,2.0,37.96,2021,5
CN_GZ,Guizhou,2021-06,0.0,0.0,147.0,2.0,39.535333333333334,2021,6
CN_GZ,Guizhou,2021-07,0.0,0.0,147.0,2.0,40.74,2021,7
CN_GZ,Guizhou,2021-08,0.0,0.0,147.0,2.0,46.50645161290323,2021,8
CN_GZ,Guizhou,2021-09,0.0,0.0,147.0,2.0,46.33066666666666,2021,9
CN_GZ,Guizhou,2021-10,11.0,0.0,158.0,2.0,53.497096774193544,2021,10
CN_GZ,Guizhou,2021-11,1.0,0.0,159.0,2.0,61.388,2021,11
CN_GZ,Guizhou,2021-12,0.0,0.0,159.0,2.0,61.229354838709675,2021,12
CN_GZ,Guizhou,2022-01,1.0,0.0,160.0,2.0,61.70677419354839,2022,1
CN_GZ,Guizhou,2022-02,2.0,0.0,162.0,2.0,61.11,2022,2
CN_GZ,Guizhou,2022-03,11.0,0.0,173.0,2.0,68.60806451612903,2022,3
CN_GZ,Guizhou,2022-04,6.0,0.0,179.0,2.0,51.85,2022,4
CN_GZ,Guizhou,2022-05,6.0,0.0,185.0,2.0,51.85,2022,5
CN_GZ,Guizhou,2022-06,0.0,0.0,185.0,2.0,51.85,2022,6
CN_GZ,Guizhou,2022-07,1.0,0.0,186.0,2.0,47.37419354838709,2022,7
CN_GZ,Guizhou,2022-08,8.0,0.0,194.0,2.0,48.00225806451613,2022,8
CN_GZ,Guizhou,2022-09,35.0,0.0,229.0,2.0,74.48235294117646,2022,9
CN_HA,Henan,2020-01,352.0,2.0,352.0,2.0,19.74451612903226,2020,1
CN_HA,Henan,2020-02,920.0,19.0,1272.0,21.0,80.27034482758621,2020,2
CN_HA,Henan,2020-03,4.0,1.0,1276.0,22.0,75.26967741935485,2020,3
CN_HA,Henan,2020-04,0.0,0.0,1276.0,22.0,67.46866666666666,2020,4
CN_HA,Henan,2020-05,0.0,0.0,1276.0,22.0,63.233548387096775,2020,5
CN_HA,Henan,2020-06,0.0,0.0,1276.0,22.0,62.04,2020,6
CN_HA,Henan,2020-07,0.0,0.0,1276.0,22.0,60.60387096774193,2020,7
CN_HA,Henan,2020-08,0.0,0.0,1276.0,22.0,58.33,2020,8
CN_HA,Henan,2020-09,5.0,0.0,1281.0,22.0,57.775,2020,9
CN_HA,Henan,2020-10,3.0,0.0,1284.0,22.0,52.78,2020,10
CN_HA,Henan,2020-11,5.0,0.0,1289.0,22.0,55.282000000000004,2020,11
CN_HA,Henan,2020-12,10.0,0.0,1299.0,22.0,55.56,2020,12
CN_HA,Henan,2021-01,4.0,0.0,1303.0,22.0,55.56,2021,1
CN_HA,Henan,2021-02,1.0,0.0,1304.0,22.0,55.56,2021,2
CN_HA,Henan,2021-03,7.0,0.0,1311.0,22.0,55.56,2021,3
CN_HA,Henan,2021-04,1.0,0.0,1312.0,22.0,45.36666666666667,2021,4
CN_HA,Henan,2021-05,3.0,0.0,1315.0,22.0,36.11,2021,5
CN_HA,Henan,2021-06,2.0,0.0,1317.0,22.0,33.39666666666666,2021,6
CN_HA,Henan,2021-07,14.0,0.0,1331.0,22.0,32.41,2021,7
CN_HA,Henan,2021-08,197.0,0.0,1528.0,22.0,68.58,2021,8
CN_HA,Henan,2021-09,12.0,0.0,1540.0,22.0,37.96,2021,9
CN_HA,Henan,2021-10,19.0,0.0,1559.0,22.0,44.71225806451613,2021,10
CN_HA,Henan,2021-11,78.0,0.0,1637.0,22.0,51.09566666666667,2021,11
CN_HA,Henan,2021-12,4.0,0.0,1641.0,22.0,45.145161290322584,2021,12
CN_HA,Henan,2022-01,1004.0,0.0,2645.0,22.0,70.53129032258065,2022,1
CN_HA,Henan,2022-02,19.0,0.0,2664.0,22.0,58.728571428571435,2022,2
CN_HA,Henan,2022-03,165.0,0.0,2829.0,22.0,62.61677419354839,2022,3
CN_HA,Henan,2022-04,73.0,0.0,2902.0,22.0,65.648,2022,4
CN_HA,Henan,2022-05,278.0,0.0,3180.0,22.0,59.45645161290322,2022,5
CN_HA,Henan,2022-06,3.0,0.0,3183.0,22.0,58.8,2022,6
CN_HA,Henan,2022-07,41.0,0.0,3224.0,22.0,59.99354838709677,2022,7
CN_HA,Henan,2022-08,57.0,0.0,3281.0,22.0,66.38419354838709,2022,8
CN_HA,Henan,2022-09,36.0,0.0,3317.0,22.0,65.3870588235294,2022,9
CN_HB,Hubei,2020-01,5806.0,204.0,5806.0,204.0,29.89806451612903,2020,1
CN_HB,Hubei,2020-02,60531.0,2523.0,66337.0,2727.0,85.88586206896552,2020,2
CN_HB,Hubei,2020-03,1464.0,460.0,67801.0,3187.0,87.6032258064516,2020,3
CN_HB,Hubei,2020-04,327.0,1325.0,68128.0,4512.0,82.903,2020,4
CN_HB,Hubei,2020-05,7.0,0.0,68135.0,4512.0,72.51870967741935,2020,5
CN_HB,Hubei,2020-06,0.0,0.0,68135.0,4512.0,63.519999999999996,2020,6
CN_HB,Hubei,2020-07,0.0,0.0,68135.0,4512.0,60.60387096774193,2020,7
CN_HB,Hubei,2020-08,4.0,0.0,68139.0,4512.0,58.33,2020,8
CN_HB,Hubei,2020-09,0.0,0.0,68139.0,4512.0,57.775,2020,9
CN_HB,Hubei,2020-10,0.0,0.0,68139.0,4512.0,52.78,2020,10
CN_HB,Hubei,2020-11,9.0,0.0,68148.0,4512.0,55.282000000000004,2020,11
CN_HB,Hubei,2020-12,1.0,0.0,68149.0,4512.0,56.27612903225806,2020,12
CN_HB,Hubei,2021-01,1.0,0.0,68150.0,4512.0,61.11,2021,1
CN_HB,Hubei,2021-02,1.0,0.0,68151.0,4512.0,61.11,2021,2
CN_HB,Hubei,2021-03,1.0,0.0,68152.0,4512.0,55.918064516129036,2021,3
CN_HB,Hubei,2021-04,6.0,0.0,68158.0,4512.0,48.61,2021,4
CN_HB,Hubei,2021-05,1.0,0.0,68159.0,4512.0,48.11677419354838,2021,5
CN_HB,Hubei,2021-06,3.0,0.0,68162.0,4512.0,46.57133333333333,2021,6
CN_HB,Hubei,2021-07,33.0,0.0,68195.0,4512.0,47.6683870967742,2021,7
CN_HB,Hubei,2021-08,95.0,0.0,68290.0,4512.0,66.8025806451613,2021,8
CN_HB,Hubei,2021-09,8.0,0.0,68298.0,4512.0,46.757333333333335,2021,9
CN_HB,Hubei,2021-10,11.0,0.0,68309.0,4512.0,50.0,2021,10
CN_HB,Hubei,2021-11,2.0,0.0,68311.0,4512.0,50.0,2021,11
CN_HB,Hubei,2021-12,6.0,0.0,68317.0,4512.0,50.0,2021,12
CN_HB,Hubei,2022-01,3.0,0.0,68320.0,4512.0,50.0,2022,1
CN_HB,Hubei,2022-02,39.0,0.0,68354.0,4512.0,50.0,2022,2
CN_HB,Hubei,2022-03,37.0,0.0,68391.0,4512.0,50.895161290322584,2022,3
CN_HB,Hubei,2022-04,7.0,0.0,68398.0,4512.0,55.70733333333333,2022,4
CN_HB,Hubei,2022-05,1.0,0.0,68399.0,4512.0,58.33,2022,5
CN_HB,Hubei,2022-06,3.0,0.0,68402.0,4512.0,58.33,2022,6
CN_HB,Hubei,2022-07,6.0,0.0,68408.0,4512.0,58.33,2022,7
CN_HB,Hubei,2022-08,15.0,0.0,68423.0,4512.0,68.42612903225806,2022,8
CN_HB,Hubei,2022-09,4.0,0.0,68427.0,4512.0,58.58294117647059,2022,9
CN_HE,Hebei,2020-01,82.0,1.0,82.0,1.0,24.19516129032258,2020,1
CN_HE,Hebei,2020-02,236.0,5.0,318.0,6.0,79.91586206896551,2020,2
CN_HE,Hebei,2020-03,3.0,0.0,321.0,6.0,74.88225806451614,2020,3
CN_HE,Hebei,2020-04,7.0,0.0,328.0,6.0,68.45333333333333,2020,4
CN_HE,Hebei,2020-05,0.0,0.0,328.0,6.0,63.1841935483871,2020,5
CN_HE,Hebei,2020-06,21.0,0.0,349.0,6.0,56.94500000000001,2020,6
CN_HE,Hebei,2020-07,0.0,0.0,349.0,6.0,51.00322580645162,2020,7
CN_HE,Hebei,2020-08,13.0,0.0,362.0,6.0,42.29774193548387,2020,8
CN_HE,Hebei,2020-09,3.0,0.0,365.0,6.0,37.405,2020,9
CN_HE,Hebei,2020-10,8.0,0.0,373.0,6.0,32.41,2020,10
CN_HE,Hebei,2020-11,0.0,0.0,373.0,6.0,34.912,2020,11
CN_HE,Hebei,2020-12,0.0,0.0,373.0,6.0,35.19,2020,12
CN_HE,Hebei,2021-01,939.0,1.0,1312.0,7.0,72.93677419354839,2021,1
CN_HE,Hebei,2021-02,5.0,0.0,1317.0,7.0,60.381428571428565,2021,2
CN_HE,Hebei,2021-03,0.0,0.0,1317.0,7.0,26.85,2021,3
CN_HE,Hebei,2021-04,0.0,0.0,1317.0,7.0,26.85,2021,4
CN_HE,Hebei,2021-05,0.0,0.0,1317.0,7.0,28.19516129032258,2021,5
CN_HE,Hebei,2021-06,0.0,0.0,1317.0,7.0,29.63,2021,6
CN_HE,Hebei,2021-07,0.0,0.0,1317.0,7.0,31.6158064516129,2021,7
CN_HE,Hebei,2021-08,0.0,0.0,1317.0,7.0,56.97483870967742,2021,8
CN_HE,Hebei,2021-09,0.0,0.0,1317.0,7.0,37.963,2021,9
CN_HE,Hebei,2021-10,5.0,0.0,1322.0,7.0,46.442903225806454,2021,10
CN_HE,Hebei,2021-11,131.0,0.0,1453.0,7.0,80.615,2021,11
CN_HE,Hebei,2021-12,5.0,0.0,1458.0,7.0,59.962580645161296,2021,12
CN_HE,Hebei,2022-01,6.0,0.0,1464.0,7.0,55.56,2022,1
CN_HE,Hebei,2022-02,12.0,0.0,1476.0,7.0,55.56,2022,2
CN_HE,Hebei,2022-03,476.0,0.0,1952.0,7.0,72.56451612903226,2022,3
CN_HE,Hebei,2022-04,46.0,0.0,1998.0,7.0,81.94,2022,4
CN_HE,Hebei,2022-05,6.0,0.0,2004.0,7.0,80.16290322580645,2022,5
CN_HE,Hebei,2022-06,3.0,0.0,2007.0,7.0,26.85,2022,6
CN_HE,Hebei,2022-07,0.0,0.0,2007.0,7.0,26.85,2022,7
CN_HE,Hebei,2022-08,9.0,0.0,2016.0,7.0,59.66096774193549,2022,8
CN_HE,Hebei,2022-09,11.0,0.0,2027.0,7.0,79.76352941176471,2022,9
CN_HI,Hainan,2020-01,52.0,1.0,52.0,1.0,15.891290322580645,2020,1
CN_HI,Hainan,2020-02,116.0,4.0,168.0,5.0,67.59103448275863,2020,2
CN_HI,Hainan,2020-03,0.0,1.0,168.0,6.0,52.12,2020,3
CN_HI,Hainan,2020-04,0.0,0.0,168.0,6.0,49.013333333333335,2020,4
CN_HI,Hainan,2020-05,1.0,0.0,169.0,6.0,45.51709677419355,2020,5
CN_HI,Hainan,2020-06,2.0,0.0,171.0,6.0,44.43999999999999,2020,6
CN_HI,Hainan,2020-07,0.0,0.0,171.0,6.0,36.49967741935484,2020,7
CN_HI,Hainan,2020-08,0.0,0.0,171.0,6.0,31.48,2020,8
CN_HI,Hainan,2020-09,0.0,0.0,171.0,6.0,30.925,2020,9
CN_HI,Hainan,2020-10,0.0,0.0,171.0,6.0,25.93,2020,10
CN_HI,Hainan,2020-11,0.0,0.0,171.0,6.0,28.423,2020,11
CN_HI,Hainan,2020-12,0.0,0.0,171.0,6.0,29.776129032258062,2020,12
CN_HI,Hainan,2021-01,0.0,0.0,171.0,6.0,43.62419354838709,2021,1
CN_HI,Hainan,2021-02,0.0,0.0,171.0,6.0,37.56285714285714,2021,2
CN_HI,Hainan,2021-03,0.0,0.0,171.0,6.0,34.95967741935484,2021,3
CN_HI,Hainan,2021-04,17.0,0.0,188.0,6.0,32.41,2021,4
CN_HI,Hainan,2021-05,0.0,0.0,188.0,6.0,32.41,2021,5
CN_HI,Hainan,2021-06,0.0,0.0,188.0,6.0,32.41,2021,6
CN_HI,Hainan,2021-07,0.0,0.0,188.0,6.0,32.58903225806451,2021,7
CN_HI,Hainan,2021-08,2.0,0.0,190.0,6.0,49.56645161290323,2021,8
CN_HI,Hainan,2021-09,0.0,0.0,190.0,6.0,43.52,2021,9
CN_HI,Hainan,2021-10,0.0,0.0,190.0,6.0,35.096774193548384,2021,10
CN_HI,Hainan,2021-11,0.0,0.0,190.0,6.0,37.405,2021,11
CN_HI,Hainan,2021-12,0.0,0.0,190.0,6.0,46.20290322580645,2021,12
CN_HI,Hainan,2022-01,0.0,0.0,190.0,6.0,49.07,2022,1
CN_HI,Hainan,2022-02,0.0,0.0,190.0,6.0,50.75785714285714,2022,2
CN_HI,Hainan,2022-03,6.0,0.0,196.0,6.0,60.571612903225805,2022,3
CN_HI,Hainan,2022-04,92.0,0.0,288.0,6.0,66.665,2022,4
CN_HI,Hainan,2022-05,0.0,0.0,288.0,6.0,48.29838709677419,2022,5
CN_HI,Hainan,2022-06,0.0,0.0,288.0,6.0,43.52,2022,6
CN_HI,Hainan,2022-07,38.0,0.0,326.0,6.0,50.31354838709677,2022,7
CN_HI,Hainan,2022-08,8441.0,0.0,8767.0,6.0,73.07516129032258,2022,8
CN_HI,Hainan,2022-09,177.0,0.0,8944.0,6.0,56.62,2022,9
CN_HL,Heilongjiang,2020-01,59.0,2.0,59.0,2.0,19.92322580645161,2020,1
CN_HL,Heilongjiang,2020-02,421.0,11.0,480.0,13.0,84.19413793103449,2020,2
CN_HL,Heilongjiang,2020-03,4.0,0.0,484.0,13.0,85.30387096774194,2020,3
CN_HL,Heilongjiang,2020-04,455.0,0.0,939.0,13.0,83.24166666666666,2020,4
CN_HL,Heilongjiang,2020-05,6.0,0.0,945.0,13.0,77.74677419354838,2020,5
CN_HL,Heilongjiang,2020-06,2.0,0.0,947.0,13.0,74.30466666666666,2020,6
CN_HL,Heilongjiang,2020-07,0.0,0.0,947.0,13.0,63.89,2020,7
CN_HL,Heilongjiang,2020-08,1.0,0.0,948.0,13.0,63.89,2020,8
CN_HL,Heilongjiang,2020-09,0.0,0.0,948.0,13.0,63.333999999999996,2020,9
CN_HL,Heilongjiang,2020-10,1.0,0.0,949.0,13.0,54.988064516129036,2020,10
CN_HL,Heilongjiang,2020-11,0.0,0.0,949.0,13.0,57.13199999999999,2020,11
CN_HL,Heilongjiang,2020-12,15.0,0.0,964.0,13.0,65.71322580645162,2020,12
CN_HL,Heilongjiang,2021-01,597.0,0.0,1561.0,13.0,66.6525806451613,2021,1
CN_HL,Heilongjiang,2021-02,49.0,0.0,1610.0,13.0,76.125,2021,2
CN_HL,Heilongjiang,2021-03,0.0,0.0,1610.0,13.0,69.86322580645162,2021,3
CN_HL,Heilongjiang,2021-04,0.0,0.0,1610.0,13.0,55.56000000000001,2021,4
CN_HL,Heilongjiang,2021-05,2.0,0.0,1612.0,13.0,51.83838709677419,2021,5
CN_HL,Heilongjiang,2021-06,0.0,0.0,1612.0,13.0,50.0,2021,6
CN_HL,Heilongjiang,2021-07,0.0,0.0,1612.0,13.0,48.296129032258065,2021,7
CN_HL,Heilongjiang,2021-08,3.0,0.0,1615.0,13.0,54.733548387096775,2021,8
CN_HL,Heilongjiang,2021-09,77.0,0.0,1692.0,13.0,47.96133333333333,2021,9
CN_HL,Heilongjiang,2021-10,80.0,0.0,1768.0,13.0,52.4041935483871,2021,10
CN_HL,Heilongjiang,2021-11,224.0,0.0,1992.0,13.0,69.99833333333332,2021,11
CN_HL,Heilongjiang,2021-12,43.0,0.0,2035.0,13.0,65.60741935483871,2021,12
CN_HL,Heilongjiang,2022-01,4.0,0.0,2039.0,13.0,58.447419354838715,2022,1
CN_HL,Heilongjiang,2022-02,40.0,0.0,2079.0,13.0,78.19107142857142,2022,2
CN_HL,Heilongjiang,2022-03,327.0,0.0,2406.0,13.0,79.25451612903225,2022,3
CN_HL,Heilongjiang,2022-04,532.0,0.0,2938.0,13.0,66.63766666666666,2022,4
CN_HL,Heilongjiang,2022-05,46.0,0.0,2984.0,13.0,47.53451612903226,2022,5
CN_HL,Heilongjiang,2022-06,4.0,0.0,2988.0,13.0,37.5,2022,6
CN_HL,Heilongjiang,2022-07,3.0,0.0,2991.0,13.0,37.5,2022,7
CN_HL,Heilongjiang,2022-08,83.0,0.0,3074.0,13.0,41.53225806451613,2022,8
CN_HL,Heilongjiang,2022-09,154.0,0.0,3228.0,13.0,55.14705882352941,2022,9
CN_HN,Hunan,2020-01,332.0,0.0,332.0,0.0,21.804193548387094,2020,1
CN_HN,Hunan,2020-02,686.0,4.0,1018.0,4.0,74.87068965517241,2020,2
CN_HN,Hunan,2020-03,0.0,0.0,1018.0,4.0,61.68032258064516,2020,3
CN_HN,Hunan,2020-04,1.0,0.0,1019.0,4.0,54.38066666666667,2020,4
CN_HN,Hunan,2020-05,0.0,0.0,1019.0,4.0,48.15,2020,5
CN_HN,Hunan,2020-06,0.0,0.0,1019.0,4.0,44.43999999999999,2020,6
CN_HN,Hunan,2020-07,0.0,0.0,1019.0,4.0,43.00774193548387,2020,7
CN_HN,Hunan,2020-08,0.0,0.0,1019.0,4.0,40.74,2020,8
CN_HN,Hunan,2020-09,0.0,0.0,1019.0,4.0,40.184999999999995,2020,9
CN_HN,Hunan,2020-10,1.0,0.0,1020.0,4.0,35.19,2020,10
CN_HN,Hunan,2020-11,0.0,0.0,1020.0,4.0,37.683,2020,11
CN_HN,Hunan,2020-12,1.0,0.0,1021.0,4.0,37.96,2020,12
CN_HN,Hunan,2021-01,10.0,0.0,1031.0,4.0,37.96,2021,1
CN_HN,Hunan,2021-02,5.0,0.0,1036.0,4.0,37.96,2021,2
CN_HN,Hunan,2021-03,6.0,0.0,1042.0,4.0,37.96,2021,3
CN_HN,Hunan,2021-04,2.0,0.0,1044.0,4.0,37.96,2021,4
CN_HN,Hunan,2021-05,7.0,0.0,1051.0,4.0,37.96,2021,5
CN_HN,Hunan,2021-06,6.0,0.0,1057.0,4.0,37.96,2021,6
CN_HN,Hunan,2021-07,22.0,0.0,1079.0,4.0,40.96193548387097,2021,7
CN_HN,Hunan,2021-08,102.0,0.0,1181.0,4.0,66.66677419354839,2021,8
CN_HN,Hunan,2021-09,1.0,0.0,1182.0,4.0,29.135,2021,9
CN_HN,Hunan,2021-10,15.0,0.0,1197.0,4.0,30.702903225806455,2021,10
CN_HN,Hunan,2021-11,2.0,0.0,1199.0,4.0,45.466,2021,11
CN_HN,Hunan,2021-12,19.0,0.0,1218.0,4.0,48.44838709677419,2021,12
CN_HN,Hunan,2022-01,12.0,0.0,1230.0,4.0,50.50483870967742,2022,1
CN_HN,Hunan,2022-02,3.0,0.0,1233.0,4.0,55.93607142857143,2022,2
CN_HN,Hunan,2022-03,91.0,0.0,1324.0,4.0,59.530645161290316,2022,3
CN_HN,Hunan,2022-04,59.0,0.0,1383.0,4.0,64.57066666666667,2022,4
CN_HN,Hunan,2022-05,10.0,0.0,1393.0,4.0,56.2283870967742,2022,5
CN_HN,Hunan,2022-06,8.0,0.0,1401.0,4.0,53.518,2022,6
CN_HN,Hunan,2022-07,9.0,0.0,1410.0,4.0,50.104516129032255,2022,7
CN_HN,Hunan,2022-08,27.0,0.0,1437.0,4.0,43.52,2022,8
CN_HN,Hunan,2022-09,10.0,0.0,1447.0,4.0,43.76529411764706,2022,9
CN_JL,Jilin,2020-01,14.0,0.0,14.0,0.0,19.803870967741936,2020,1
CN_JL,Jilin,2020-02,79.0,1.0,93.0,1.0,76.34068965517241,2020,2
CN_JL,Jilin,2020-03,5.0,0.0,98.0,1.0,67.56483870967743,2020,3
CN_JL,Jilin,2020-04,13.0,0.0,111.0,1.0,69.25999999999999,2020,4
CN_JL,Jilin,2020-05,44.0,1.0,155.0,2.0,81.49612903225807,2020,5
CN_JL,Jilin,2020-06,0.0,0.0,155.0,2.0,71.05199999999999,2020,6
CN_JL,Jilin,2020-07,2.0,0.0,157.0,2.0,62.18741935483871,2020,7
CN_JL,Jilin,2020-08,0.0,0.0,157.0,2.0,58.424516129032256,2020,8
CN_JL,Jilin,2020-09,0.0,0.0,157.0,2.0,55.004000000000005,2020,9
CN_JL,Jilin,2020-10,0.0,0.0,157.0,2.0,50.0,2020,10
CN_JL,Jilin,2020-11,0.0,0.0,157.0,2.0,52.501999999999995,2020,11
CN_JL,Jilin,2020-12,0.0,0.0,157.0,2.0,52.78,2020,12
CN_JL,Jilin,2021-01,384.0,1.0,541.0,3.0,64.69451612903225,2021,1
CN_JL,Jilin,2021-02,32.0,0.0,573.0,3.0,65.77214285714285,2021,2
CN_JL,Jilin,2021-03,0.0,0.0,573.0,3.0,52.78,2021,3
CN_JL,Jilin,2021-04,0.0,0.0,573.0,3.0,52.78,2021,4
CN_JL,Jilin,2021-05,0.0,0.0,573.0,3.0,49.013548387096776,2021,5
CN_JL,Jilin,2021-06,0.0,0.0,573.0,3.0,47.22,2021,6
CN_JL,Jilin,2021-07,1.0,0.0,574.0,3.0,47.22,2021,7
CN_JL,Jilin,2021-08,0.0,0.0,574.0,3.0,59.67677419354839,2021,8
CN_JL,Jilin,2021-09,0.0,0.0,574.0,3.0,49.814,2021,9
CN_JL,Jilin,2021-10,3.0,0.0,577.0,3.0,54.899032258064516,2021,10
CN_JL,Jilin,2021-11,6.0,0.0,583.0,3.0,52.86933333333334,2021,11
CN_JL,Jilin,2021-12,6.0,0.0,589.0,3.0,47.68322580645162,2021,12
CN_JL,Jilin,2022-01,1.0,0.0,590.0,3.0,54.03322580645161,2022,1
CN_JL,Jilin,2022-02,15.0,0.0,605.0,3.0,54.63,2022,2
CN_JL,Jilin,2022-03,28458.0,2.0,29063.0,5.0,74.19483870967741,2022,3
CN_JL,Jilin,2022-04,11132.0,0.0,40195.0,5.0,84.41633333333333,2022,4
CN_JL,Jilin,2022-05,98.0,0.0,40293.0,5.0,68.20548387096774,2022,5
CN_JL,Jilin,2022-06,0.0,0.0,40293.0,5.0,59.998000000000005,2022,6
CN_JL,Jilin,2022-07,0.0,0.0,40293.0,5.0,59.17,2022,7
CN_JL,Jilin,2022-08,17.0,0.0,40310.0,5.0,60.19,2022,8
CN_JL,Jilin,2022-09,20.0,0.0,40329.0,5.0,65.4135294117647,2022,9
CN_JS,Jiangsu,2020-01,168.0,0.0,168.0,0.0,19.177096774193547,2020,1
CN_JS,Jiangsu,2020-02,463.0,0.0,631.0,0.0,81.12896551724137,2020,2
CN_JS,Jiangsu,2020-03,15.0,0.0,646.0,0.0,73.26741935483871,2020,3
CN_JS,Jiangsu,2020-04,7.0,0.0,653.0,0.0,65.55533333333334,2020,4
CN_JS,Jiangsu,2020-05,0.0,0.0,653.0,0.0,55.942903225806454,2020,5
CN_JS,Jiangsu,2020-06,1.0,0.0,654.0,0.0,54.63,2020,6
CN_JS,Jiangsu,2020-07,1.0,0.0,655.0,0.0,52.836451612903225,2020,7
CN_JS,Jiangsu,2020-08,10.0,0.0,665.0,0.0,49.07,2020,8
CN_JS,Jiangsu,2020-09,1.0,0.0,666.0,0.0,48.515,2020,9
CN_JS,Jiangsu,2020-10,6.0,0.0,672.0,0.0,43.52,2020,10
CN_JS,Jiangsu,2020-11,8.0,0.0,680.0,0.0,46.022,2020,11
CN_JS,Jiangsu,2020-12,4.0,0.0,684.0,0.0,46.3,2020,12
CN_JS,Jiangsu,2021-01,10.0,0.0,694.0,0.0,51.138064516129035,2021,1
CN_JS,Jiangsu,2021-02,10.0,0.0,704.0,0.0,54.17,2021,2
CN_JS,Jiangsu,2021-03,4.0,0.0,708.0,0.0,50.0,2021,3
CN_JS,Jiangsu,2021-04,11.0,0.0,719.0,0.0,50.0,2021,4
CN_JS,Jiangsu,2021-05,7.0,0.0,726.0,0.0,50.0,2021,5
CN_JS,Jiangsu,2021-06,16.0,0.0,742.0,0.0,48.15,2021,6
CN_JS,Jiangsu,2021-07,226.0,0.0,968.0,0.0,49.2716129032258,2021,7
CN_JS,Jiangsu,2021-08,621.0,0.0,1589.0,0.0,73.1183870967742,2021,8
CN_JS,Jiangsu,2021-09,10.0,0.0,1599.0,0.0,48.29933333333334,2021,9
CN_JS,Jiangsu,2021-10,1.0,0.0,1600.0,0.0,44.44,2021,10
CN_JS,Jiangsu,2021-11,19.0,0.0,1619.0,0.0,55.90833333333333,2021,11
CN_JS,Jiangsu,2021-12,6.0,0.0,1625.0,0.0,46.38548387096774,2021,12
CN_JS,Jiangsu,2022-01,4.0,0.0,1629.0,0.0,44.44,2022,1
CN_JS,Jiangsu,2022-02,145.0,0.0,1774.0,0.0,55.01035714285714,2022,2
CN_JS,Jiangsu,2022-03,237.0,0.0,2011.0,0.0,62.2641935483871,2022,3
CN_JS,Jiangsu,2022-04,189.0,0.0,2200.0,0.0,63.43,2022,4
CN_JS,Jiangsu,2022-05,35.0,0.0,2235.0,0.0,57.663548387096775,2022,5
CN_JS,Jiangsu,2022-06,17.0,0.0,2252.0,0.0,57.03999999999999,2022,6
CN_JS,Jiangsu,2022-07,67.0,0.0,2319.0,0.0,56.75354838709677,2022,7
CN_JS,Jiangsu,2022-08,33.0,0.0,2352.0,0.0,55.56,2022,8
CN_JS,Jiangsu,2022-09,19.0,0.0,2371.0,0.0,55.56,2022,9
CN_JX,Jiangxi,2020-01,240.0,0.0,240.0,0.0,20.431290322580644,2020,1
CN_JX,Jiangxi,2020-02,695.0,1.0,935.0,1.0,82.56620689655173,2020,2
CN_JX,Jiangxi,2020-03,2.0,0.0,937.0,1.0,79.92548387096774,2020,3
CN_JX,Jiangxi,2020-04,0.0,0.0,937.0,1.0,62.779999999999994,2020,4
CN_JX,Jiangxi,2020-05,0.0,0.0,937.0,1.0,55.494193548387095,2020,5
CN_JX,Jiangxi,2020-06,0.0,0.0,937.0,1.0,52.775,2020,6
CN_JX,Jiangxi,2020-07,0.0,0.0,932.0,1.0,47.97096774193548,2020,7
CN_JX,Jiangxi,2020-08,3.0,0.0,935.0,1.0,48.41903225806452,2020,8
CN_JX,Jiangxi,2020-09,0.0,0.0,935.0,1.0,50.374,2020,9
CN_JX,Jiangxi,2020-10,0.0,0.0,935.0,1.0,45.847419354838706,2020,10
CN_JX,Jiangxi,2020-11,0.0,0.0,935.0,1.0,48.839666666666666,2020,11
CN_JX,Jiangxi,2020-12,0.0,0.0,935.0,1.0,44.44,2020,12
CN_JX,Jiangxi,2021-01,0.0,0.0,935.0,1.0,50.89677419354839,2021,1
CN_JX,Jiangxi,2021-02,0.0,0.0,935.0,1.0,49.503571428571426,2021,2
CN_JX,Jiangxi,2021-03,2.0,0.0,937.0,1.0,44.44,2021,3
CN_JX,Jiangxi,2021-04,0.0,0.0,937.0,1.0,44.43999999999999,2021,4
CN_JX,Jiangxi,2021-05,0.0,0.0,937.0,1.0,46.05419354838709,2021,5
CN_JX,Jiangxi,2021-06,0.0,0.0,937.0,1.0,49.443999999999996,2021,6
CN_JX,Jiangxi,2021-07,0.0,0.0,937.0,1.0,51.61354838709677,2021,7
CN_JX,Jiangxi,2021-08,0.0,0.0,937.0,1.0,65.62064516129033,2021,8
CN_JX,Jiangxi,2021-09,0.0,0.0,937.0,1.0,58.382,2021,9
CN_JX,Jiangxi,2021-10,1.0,0.0,938.0,1.0,55.69096774193549,2021,10
CN_JX,Jiangxi,2021-11,21.0,0.0,959.0,1.0,63.736666666666665,2021,11
CN_JX,Jiangxi,2021-12,0.0,0.0,959.0,1.0,57.409354838709675,2021,12
CN_JX,Jiangxi,2022-01,0.0,0.0,959.0,1.0,40.74,2022,1
CN_JX,Jiangxi,2022-02,0.0,0.0,959.0,1.0,40.74,2022,2
CN_JX,Jiangxi,2022-03,77.0,0.0,1036.0,1.0,52.83838709677419,2022,3
CN_JX,Jiangxi,2022-04,328.0,0.0,1364.0,1.0,61.48266666666667,2022,4
CN_JX,Jiangxi,2022-05,19.0,0.0,1383.0,1.0,51.83774193548387,2022,5
CN_JX,Jiangxi,2022-06,6.0,0.0,1389.0,1.0,50.986666666666665,2022,6
CN_JX,Jiangxi,2022-07,49.0,0.0,1438.0,1.0,50.0,2022,7
CN_JX,Jiangxi,2022-08,35.0,0.0,1473.0,1.0,70.04129032258064,2022,8
CN_JX,Jiangxi,2022-09,21.0,0.0,1494.0,1.0,78.24,2022,9
CN_LN,Liaoning,2020-01,48.0,0.0,48.0,0.0,18.84774193548387,2020,1
CN_LN,Liaoning,2020-02,73.0,1.0,121.0,1.0,75.86241379310346,2020,2
CN_LN,Liaoning,2020-03,18.0,1.0,139.0,2.0,64.2783870967742,2020,3
CN_LN,Liaoning,2020-04,7.0,0.0,146.0,2.0,51.66466666666667,2020,4
CN_LN,Liaoning,2020-05,3.0,0.0,149.0,2.0,48.44451612903226,2020,5
CN_LN,Liaoning,2020-06,6.0,0.0,155.0,2.0,45.308,2020,6
CN_LN,Liaoning,2020-07,78.0,0.0,233.0,2.0,45.18838709677419,2020,7
CN_LN,Liaoning,2020-08,29.0,0.0,262.0,2.0,48.15,2020,8
CN_LN,Liaoning,2020-09,9.0,0.0,271.0,2.0,46.23733333333333,2020,9
CN_LN,Liaoning,2020-10,12.0,0.0,283.0,2.0,40.560967741935485,2020,10
CN_LN,Liaoning,2020-11,6.0,0.0,289.0,2.0,37.683,2020,11
CN_LN,Liaoning,2020-12,58.0,0.0,347.0,2.0,38.946129032258064,2020,12
CN_LN,Liaoning,2021-01,53.0,0.0,400.0,2.0,58.495483870967746,2021,1
CN_LN,Liaoning,2021-02,6.0,0.0,406.0,2.0,41.254642857142855,2021,2
CN_LN,Liaoning,2021-03,1.0,0.0,407.0,2.0,32.41,2021,3
CN_LN,Liaoning,2021-04,5.0,0.0,410.0,2.0,32.41,2021,4
CN_LN,Liaoning,2021-05,15.0,0.0,425.0,2.0,44.47322580645161,2021,5
CN_LN,Liaoning,2021-06,2.0,0.0,427.0,2.0,32.84166666666666,2021,6
CN_LN,Liaoning,2021-07,10.0,0.0,437.0,2.0,32.41,2021,7
CN_LN,Liaoning,2021-08,9.0,0.0,446.0,2.0,52.071612903225805,2021,8
CN_LN,Liaoning,2021-09,9.0,0.0,455.0,2.0,43.982,2021,9
CN_LN,Liaoning,2021-10,11.0,0.0,466.0,2.0,38.76709677419355,2021,10
CN_LN,Liaoning,2021-11,318.0,0.0,784.0,2.0,75.38533333333334,2021,11
CN_LN,Liaoning,2021-12,10.0,0.0,794.0,2.0,47.89709677419355,2021,12
CN_LN,Liaoning,2022-01,17.0,0.0,811.0,2.0,43.52,2022,1
CN_LN,Liaoning,2022-02,216.0,0.0,1027.0,2.0,60.25214285714286,2022,2
CN_LN,Liaoning,2022-03,553.0,0.0,1580.0,2.0,68.98032258064516,2022,3
CN_LN,Liaoning,2022-04,65.0,0.0,1645.0,2.0,80.58566666666665,2022,4
CN_LN,Liaoning,2022-05,30.0,0.0,1675.0,2.0,81.94,2022,5
CN_LN,Liaoning,2022-06,43.0,0.0,1718.0,2.0,79.84266666666667,2022,6
CN_LN,Liaoning,2022-07,21.0,0.0,1739.0,2.0,68.26387096774195,2022,7
CN_LN,Liaoning,2022-08,65.0,0.0,1804.0,2.0,66.5341935483871,2022,8
CN_LN,Liaoning,2022-09,75.0,0.0,1879.0,2.0,78.24,2022,9
CN_NM,Inner Mongolia,2020-01,20.0,0.0,20.0,0.0,15.47258064516129,2020,1
CN_NM,Inner Mongolia,2020-02,55.0,0.0,75.0,0.0,74.65034482758621,2020,2
CN_NM,Inner Mongolia,2020-03,32.0,1.0,107.0,1.0,58.361935483870965,2020,3
CN_NM,Inner Mongolia,2020-04,93.0,0.0,200.0,1.0,51.85,2020,4
CN_NM,Inner Mongolia,2020-05,32.0,0.0,232.0,1.0,51.01451612903226,2020,5
CN_NM,Inner Mongolia,2020-06,6.0,0.0,238.0,1.0,44.93566666666666,2020,6
CN_NM,Inner Mongolia,2020-07,20.0,0.0,258.0,1.0,44.44,2020,7
CN_NM,Inner Mongolia,2020-08,2.0,0.0,260.0,1.0,44.44,2020,8
CN_NM,Inner Mongolia,2020-09,6.0,0.0,266.0,1.0,43.885,2020,9
CN_NM,Inner Mongolia,2020-10,22.0,0.0,288.0,1.0,38.89,2020,10
CN_NM,Inner Mongolia,2020-11,35.0,0.0,323.0,1.0,50.97366666666667,2020,11
CN_NM,Inner Mongolia,2020-12,41.0,0.0,364.0,1.0,66.99225806451612,2020,12
CN_NM,Inner Mongolia,2021-01,2.0,0.0,366.0,1.0,50.86354838709677,2021,1
CN_NM,Inner Mongolia,2021-02,1.0,0.0,367.0,1.0,48.08107142857143,2021,2
CN_NM,Inner Mongolia,2021-03,7.0,0.0,374.0,1.0,37.96,2021,3
CN_NM,Inner Mongolia,2021-04,6.0,0.0,380.0,1.0,37.96,2021,4
CN_NM,Inner Mongolia,2021-05,7.0,0.0,387.0,1.0,37.96,2021,5
CN_NM,Inner Mongolia,2021-06,7.0,0.0,394.0,1.0,37.96,2021,6
CN_NM,Inner Mongolia,2021-07,9.0,0.0,403.0,1.0,38.79774193548387,2021,7
CN_NM,Inner Mongolia,2021-08,9.0,0.0,412.0,1.0,52.91096774193549,2021,8
CN_NM,Inner Mongolia,2021-09,6.0,0.0,418.0,1.0,40.61933333333333,2021,9
CN_NM,Inner Mongolia,2021-10,173.0,0.0,591.0,1.0,61.76483870967742,2021,10
CN_NM,Inner Mongolia,2021-11,70.0,0.0,659.0,1.0,77.218,2021,11
CN_NM,Inner Mongolia,2021-12,527.0,0.0,1186.0,1.0,76.89387096774193,2021,12
CN_NM,Inner Mongolia,2022-01,5.0,0.0,1191.0,1.0,50.46,2022,1
CN_NM,Inner Mongolia,2022-02,393.0,0.0,1584.0,1.0,58.39821428571428,2022,2
CN_NM,Inner Mongolia,2022-03,99.0,0.0,1683.0,1.0,44.91,2022,3
CN_NM,Inner Mongolia,2022-04,65.0,0.0,1748.0,1.0,50.18666666666666,2022,4
CN_NM,Inner Mongolia,2022-05,5.0,0.0,1753.0,1.0,56.02,2022,5
CN_NM,Inner Mongolia,2022-06,344.0,0.0,2097.0,1.0,56.02,2022,6
CN_NM,Inner Mongolia,2022-07,69.0,0.0,2166.0,1.0,56.02,2022,7
CN_NM,Inner Mongolia,2022-08,216.0,0.0,2382.0,1.0,55.81,2022,8
CN_NM,Inner Mongolia,2022-09,349.0,0.0,2731.0,1.0,55.09,2022,9
CN_NX,Ningxia,2020-01,21.0,0.0,21.0,0.0,18.728709677419356,2020,1
CN_NX,Ningxia,2020-02,52.0,0.0,73.0,0.0,79.91620689655171,2020,2
CN_NX,Ningxia,2020-03,2.0,0.0,75.0,0.0,66.99451612903225,2020,3
CN_NX,Ningxia,2020-04,0.0,0.0,75.0,0.0,68.52,2020,4
CN_NX,Ningxia,2020-05,0.0,0.0,75.0,0.0,63.50032258064516,2020,5
CN_NX,Ningxia,2020-06,0.0,0.0,75.0,0.0,57.41,2020,6
CN_NX,Ningxia,2020-07,0.0,0.0,75.0,0.0,56.33387096774193,2020,7
CN_NX,Ningxia,2020-08,0.0,0.0,75.0,0.0,54.63,2020,8
CN_NX,Ningxia,2020-09,0.0,0.0,75.0,0.0,54.074,2020,9
CN_NX,Ningxia,2020-10,0.0,0.0,75.0,0.0,49.07,2020,10
CN_NX,Ningxia,2020-11,0.0,0.0,75.0,0.0,51.572,2020,11
CN_NX,Ningxia,2020-12,0.0,0.0,75.0,0.0,51.85,2020,12
CN_NX,Ningxia,2021-01,0.0,0.0,75.0,0.0,55.08129032258064,2021,1
CN_NX,Ningxia,2021-02,0.0,0.0,75.0,0.0,55.56,2021,2
CN_NX,Ningxia,2021-03,0.0,0.0,75.0,0.0,55.56,2021,3
CN_NX,Ningxia,2021-04,0.0,0.0,75.0,0.0,43.52,2021,4
CN_NX,Ningxia,2021-05,1.0,0.0,76.0,0.0,43.52,2021,5
CN_NX,Ningxia,2021-06,0.0,0.0,76.0,0.0,40.36933333333334,2021,6
CN_NX,Ningxia,2021-07,0.0,0.0,76.0,0.0,38.94645161290323,2021,7
CN_NX,Ningxia,2021-08,1.0,0.0,77.0,0.0,54.75,2021,8
CN_NX,Ningxia,2021-09,0.0,0.0,77.0,0.0,58.8,2021,9
CN_NX,Ningxia,2021-10,30.0,0.0,107.0,0.0,58.261935483870964,2021,10
CN_NX,Ningxia,2021-11,15.0,0.0,122.0,0.0,58.056,2021,11
CN_NX,Ningxia,2021-12,0.0,0.0,122.0,0.0,56.94,2021,12
CN_NX,Ningxia,2022-01,0.0,0.0,122.0,0.0,56.94,2022,1
CN_NX,Ningxia,2022-02,0.0,0.0,122.0,0.0,56.94,2022,2
CN_NX,Ningxia,2022-03,0.0,0.0,122.0,0.0,56.94,2022,3
CN_NX,Ningxia,2022-04,0.0,0.0,122.0,0.0,56.93999999999999,2022,4
CN_NX,Ningxia,2022-05,0.0,0.0,122.0,0.0,56.94,2022,5
CN_NX,Ningxia,2022-06,0.0,0.0,122.0,0.0,56.93999999999999,2022,6
CN_NX,Ningxia,2022-07,0.0,0.0,122.0,0.0,56.94,2022,7
CN_NX,Ningxia,2022-08,0.0,0.0,122.0,0.0,56.94,2022,8
CN_NX,Ningxia,2022-09,0.0,0.0,122.0,0.0,56.94,2022,9
CN_QH,Qinghai,2020-01,8.0,0.0,8.0,0.0,18.90774193548387,2020,1
CN_QH,Qinghai,2020-02,10.0,0.0,18.0,0.0,79.05241379310345,2020,2
CN_QH,Qinghai,2020-03,0.0,0.0,18.0,0.0,70.0125806451613,2020,3
CN_QH,Qinghai,2020-04,0.0,0.0,18.0,0.0,62.40466666666667,2020,4
CN_QH,Qinghai,2020-05,0.0,0.0,18.0,0.0,53.615483870967736,2020,5
CN_QH,Qinghai,2020-06,0.0,0.0,18.0,0.0,52.78,2020,6
CN_QH,Qinghai,2020-07,0.0,0.0,18.0,0.0,52.78,2020,7
CN_QH,Qinghai,2020-08,0.0,0.0,18.0,0.0,52.78,2020,8
CN_QH,Qinghai,2020-09,0.0,0.0,18.0,0.0,52.78,2020,9
CN_QH,Qinghai,2020-10,0.0,0.0,18.0,0.0,52.78,2020,10
CN_QH,Qinghai,2020-11,0.0,0.0,18.0,0.0,52.78,2020,11
CN_QH,Qinghai,2020-12,0.0,0.0,18.0,0.0,52.78,2020,12
CN_QH,Qinghai,2021-01,0.0,0.0,18.0,0.0,57.16967741935484,2021,1
CN_QH,Qinghai,2021-02,0.0,0.0,18.0,0.0,59.71999999999999,2021,2
CN_QH,Qinghai,2021-03,0.0,0.0,18.0,0.0,54.57096774193548,2021,3
CN_QH,Qinghai,2021-04,0.0,0.0,18.0,0.0,52.78,2021,4
CN_QH,Qinghai,2021-05,0.0,0.0,18.0,0.0,52.78,2021,5
CN_QH,Qinghai,2021-06,0.0,0.0,18.0,0.0,52.78,2021,6
CN_QH,Qinghai,2021-07,0.0,0.0,18.0,0.0,52.78,2021,7
CN_QH,Qinghai,2021-08,0.0,0.0,18.0,0.0,52.78,2021,8
CN_QH,Qinghai,2021-09,0.0,0.0,18.0,0.0,46.916666666666664,2021,9
CN_QH,Qinghai,2021-10,4.0,0.0,22.0,0.0,40.2958064516129,2021,10
CN_QH,Qinghai,2021-11,8.0,0.0,30.0,0.0,49.936666666666675,2021,11
CN_QH,Qinghai,2021-12,0.0,0.0,30.0,0.0,35.42290322580645,2021,12
CN_QH,Qinghai,2022-01,0.0,0.0,30.0,0.0,61.11,2022,1
CN_QH,Qinghai,2022-02,0.0,0.0,30.0,0.0,61.11,2022,2
CN_QH,Qinghai,2022-03,2.0,0.0,32.0,0.0,61.11,2022,3
CN_QH,Qinghai,2022-04,63.0,0.0,95.0,0.0,61.11,2022,4
CN_QH,Qinghai,2022-05,52.0,0.0,147.0,0.0,61.11,2022,5
CN_QH,Qinghai,2022-06,0.0,0.0,147.0,0.0,61.11,2022,6
CN_QH,Qinghai,2022-07,1.0,0.0,148.0,0.0,61.11,2022,7
CN_QH,Qinghai,2022-08,42.0,0.0,190.0,0.0,61.11,2022,8
CN_QH,Qinghai,2022-09,43.0,0.0,233.0,0.0,61.10999999999999,2022,9
CN_SC,Sichuan,2020-01,177.0,1.0,177.0,1.0,18.251612903225805,2020,1
CN_SC,Sichuan,2020-02,361.0,2.0,538.0,3.0,73.11551724137931,2020,2
CN_SC,Sichuan,2020-03,12.0,0.0,550.0,3.0,68.99419354838709,2020,3
CN_SC,Sichuan,2020-04,11.0,0.0,561.0,3.0,49.63,2020,4
CN_SC,Sichuan,2020-05,3.0,0.0,564.0,3.0,45.03838709677419,2020,5
CN_SC,Sichuan,2020-06,31.0,0.0,595.0,3.0,44.43999999999999,2020,6
CN_SC,Sichuan,2020-07,9.0,0.0,604.0,3.0,44.44,2020,7
CN_SC,Sichuan,2020-08,48.0,0.0,652.0,3.0,44.44,2020,8
CN_SC,Sichuan,2020-09,40.0,0.0,692.0,3.0,43.885,2020,9
CN_SC,Sichuan,2020-10,51.0,0.0,743.0,3.0,38.89,2020,10
CN_SC,Sichuan,2020-11,63.0,0.0,806.0,3.0,41.392,2020,11
CN_SC,Sichuan,2020-12,47.0,0.0,853.0,3.0,60.41032258064516,2020,12
CN_SC,Sichuan,2021-01,17.0,0.0,870.0,3.0,59.711290322580645,2021,1
CN_SC,Sichuan,2021-02,21.0,0.0,891.0,3.0,60.19,2021,2
CN_SC,Sichuan,2021-03,57.0,0.0,948.0,3.0,60.19,2021,3
CN_SC,Sichuan,2021-04,32.0,0.0,980.0,3.0,46.3,2021,4
CN_SC,Sichuan,2021-05,46.0,0.0,1025.0,3.0,46.3,2021,5
CN_SC,Sichuan,2021-06,73.0,0.0,1098.0,3.0,46.3,2021,6
CN_SC,Sichuan,2021-07,53.0,0.0,1151.0,3.0,46.3,2021,7
CN_SC,Sichuan,2021-08,39.0,0.0,1190.0,3.0,49.210967741935484,2021,8
CN_SC,Sichuan,2021-09,17.0,0.0,1207.0,3.0,46.3,2021,9
CN_SC,Sichuan,2021-10,15.0,0.0,1222.0,3.0,46.3,2021,10
CN_SC,Sichuan,2021-11,49.0,0.0,1271.0,3.0,51.91166666666667,2021,11
CN_SC,Sichuan,2021-12,48.0,0.0,1319.0,3.0,53.4641935483871,2021,12
CN_SC,Sichuan,2022-01,53.0,0.0,1372.0,3.0,57.41,2022,1
CN_SC,Sichuan,2022-02,84.0,0.0,1456.0,3.0,57.80714285714286,2022,2
CN_SC,Sichuan,2022-03,276.0,0.0,1732.0,3.0,58.21709677419355,2022,3
CN_SC,Sichuan,2022-04,310.0,0.0,2042.0,3.0,57.41,2022,4
CN_SC,Sichuan,2022-05,290.0,0.0,2332.0,3.0,72.06096774193549,2022,5
CN_SC,Sichuan,2022-06,43.0,0.0,2375.0,3.0,58.845,2022,6
CN_SC,Sichuan,2022-07,288.0,0.0,2663.0,3.0,53.85322580645161,2022,7
CN_SC,Sichuan,2022-08,892.0,0.0,3555.0,3.0,55.21290322580645,2022,8
CN_SC,Sichuan,2022-09,1517.0,0.0,5072.0,3.0,80.58470588235295,2022,9
CN_SD,Shandong,2020-01,184.0,0.0,184.0,0.0,22.61225806451613,2020,1
CN_SD,Shandong,2020-02,572.0,6.0,756.0,6.0,83.14172413793104,2020,2
CN_SD,Shandong,2020-03,18.0,1.0,774.0,7.0,73.87903225806451,2020,3
CN_SD,Shandong,2020-04,13.0,0.0,787.0,7.0,70.24666666666667,2020,4
CN_SD,Shandong,2020-05,5.0,0.0,792.0,7.0,59.2,2020,5
CN_SD,Shandong,2020-06,0.0,0.0,792.0,7.0,46.388,2020,6
CN_SD,Shandong,2020-07,7.0,0.0,799.0,7.0,44.351612903225806,2020,7
CN_SD,Shandong,2020-08,32.0,0.0,831.0,7.0,36.854193548387094,2020,8
CN_SD,Shandong,2020-09,1.0,0.0,832.0,7.0,30.925,2020,9
CN_SD,Shandong,2020-10,15.0,0.0,847.0,7.0,33.09612903225806,2020,10
CN_SD,Shandong,2020-11,7.0,0.0,854.0,7.0,35.092,2020,11
CN_SD,Shandong,2020-12,8.0,0.0,862.0,7.0,37.365483870967736,2020,12
CN_SD,Shandong,2021-01,4.0,0.0,866.0,7.0,50.697096774193554,2021,1
CN_SD,Shandong,2021-02,3.0,0.0,869.0,7.0,47.63464285714286,2021,2
CN_SD,Shandong,2021-03,0.0,0.0,869.0,7.0,36.622258064516124,2021,3
CN_SD,Shandong,2021-04,7.0,0.0,876.0,7.0,35.18999999999999,2021,4
CN_SD,Shandong,2021-05,7.0,0.0,883.0,7.0,38.81516129032258,2021,5
CN_SD,Shandong,2021-06,0.0,0.0,883.0,7.0,40.74,2021,6
CN_SD,Shandong,2021-07,2.0,0.0,885.0,7.0,40.74,2021,7
CN_SD,Shandong,2021-08,40.0,0.0,925.0,7.0,51.71290322580646,2021,8
CN_SD,Shandong,2021-09,8.0,0.0,933.0,7.0,52.31000000000001,2021,9
CN_SD,Shandong,2021-10,45.0,0.0,978.0,7.0,54.10354838709677,2021,10
CN_SD,Shandong,2021-11,43.0,0.0,1021.0,7.0,57.87,2021,11
CN_SD,Shandong,2021-12,21.0,0.0,1042.0,7.0,57.87,2021,12
CN_SD,Shandong,2022-01,28.0,0.0,1070.0,7.0,57.87,2022,1
CN_SD,Shandong,2022-02,59.0,0.0,1129.0,7.0,57.87,2022,2
CN_SD,Shandong,2022-03,1447.0,0.0,2576.0,7.0,65.69709677419354,2022,3
CN_SD,Shandong,2022-04,135.0,0.0,2711.0,7.0,70.095,2022,4
CN_SD,Shandong,2022-05,24.0,0.0,2735.0,7.0,73.61,2022,5
CN_SD,Shandong,2022-06,16.0,0.0,2751.0,7.0,59.40166666666667,2022,6
CN_SD,Shandong,2022-07,94.0,0.0,2845.0,7.0,74.35741935483871,2022,7
CN_SD,Shandong,2022-08,89.0,0.0,2934.0,7.0,74.02806451612904,2022,8
CN_SD,Shandong,2022-09,132.0,0.0,3066.0,7.0,82.32588235294118,2022,9
CN_SH,Shanghai,2020-01,135.0,1.0,135.0,1.0,17.891935483870967,2020,1
CN_SH,Shanghai,2020-02,202.0,2.0,337.0,3.0,70.39965517241379,2020,2
CN_SH,Shanghai,2020-03,172.0,2.0,509.0,5.0,70.51741935483871,2020,3
CN_SH,Shanghai,2020-04,138.0,2.0,647.0,7.0,68.94666666666667,2020,4
CN_SH,Shanghai,2020-05,25.0,0.0,672.0,7.0,65.20290322580645,2020,5
CN_SH,Shanghai,2020-06,40.0,0.0,712.0,7.0,60.18999999999999,2020,6
CN_SH,Shanghai,2020-07,32.0,0.0,744.0,7.0,58.75387096774193,2020,7
CN_SH,Shanghai,2020-08,159.0,0.0,903.0,7.0,56.48,2020,8
CN_SH,Shanghai,2020-09,96.0,0.0,999.0,7.0,52.224000000000004,2020,9
CN_SH,Shanghai,2020-10,177.0,0.0,1176.0,7.0,47.22,2020,10
CN_SH,Shanghai,2020-11,154.0,0.0,1330.0,7.0,49.722,2020,11
CN_SH,Shanghai,2020-12,181.0,0.0,1511.0,7.0,50.0,2020,12
CN_SH,Shanghai,2021-01,183.0,0.0,1694.0,7.0,56.45129032258065,2021,1
CN_SH,Shanghai,2021-02,100.0,0.0,1794.0,7.0,59.520714285714284,2021,2
CN_SH,Shanghai,2021-03,88.0,0.0,1882.0,7.0,50.0,2021,3
CN_SH,Shanghai,2021-04,102.0,0.0,1984.0,7.0,45.552,2021,4
CN_SH,Shanghai,2021-05,111.0,0.0,2095.0,7.0,44.44,2021,5
CN_SH,Shanghai,2021-06,107.0,0.0,2202.0,7.0,44.43999999999999,2021,6
CN_SH,Shanghai,2021-07,105.0,0.0,2307.0,7.0,44.44,2021,7
CN_SH,Shanghai,2021-08,173.0,0.0,2480.0,7.0,56.483870967741936,2021,8
CN_SH,Shanghai,2021-09,118.0,0.0,2598.0,7.0,58.8,2021,9
CN_SH,Shanghai,2021-10,128.0,0.0,2726.0,7.0,42.41612903225806,2021,10
CN_SH,Shanghai,2021-11,127.0,0.0,2853.0,7.0,47.42366666666667,2021,11
CN_SH,Shanghai,2021-12,240.0,0.0,3093.0,7.0,48.15,2021,12
CN_SH,Shanghai,2022-01,596.0,0.0,3689.0,7.0,48.15,2022,1
CN_SH,Shanghai,2022-02,576.0,0.0,4265.0,7.0,48.15,2022,2
CN_SH,Shanghai,2022-03,1824.0,0.0,6089.0,7.0,64.30806451612904,2022,3
CN_SH,Shanghai,2022-04,51463.0,384.0,57552.0,391.0,93.76666666666667,2022,4
CN_SH,Shanghai,2022-05,5451.0,204.0,63003.0,595.0,91.67,2022,5
CN_SH,Shanghai,2022-06,249.0,0.0,63252.0,595.0,60.18999999999999,2022,6
CN_SH,Shanghai,2022-07,343.0,0.0,63595.0,595.0,58.75,2022,7
CN_SH,Shanghai,2022-08,237.0,0.0,63832.0,595.0,58.33,2022,8
CN_SH,Shanghai,2022-09,136.0,0.0,63968.0,595.0,49.07,2022,9
CN_SN,Shaanxi,2020-01,87.0,0.0,87.0,0.0,16.727096774193548,2020,1
CN_SN,Shaanxi,2020-02,158.0,1.0,245.0,1.0,76.91724137931034,2020,2
CN_SN,Shaanxi,2020-03,8.0,2.0,253.0,3.0,68.0425806451613,2020,3
CN_SN,Shaanxi,2020-04,53.0,0.0,306.0,3.0,66.85133333333333,2020,4
CN_SN,Shaanxi,2020-05,2.0,0.0,308.0,3.0,57.61387096774193,2020,5
CN_SN,Shaanxi,2020-06,12.0,0.0,320.0,3.0,55.30833333333333,2020,6
CN_SN,Shaanxi,2020-07,4.0,0.0,324.0,3.0,58.33,2020,7
CN_SN,Shaanxi,2020-08,41.0,0.0,365.0,3.0,58.33,2020,8
CN_SN,Shaanxi,2020-09,43.0,0.0,408.0,3.0,55.553999999999995,2020,9
CN_SN,Shaanxi,2020-10,48.0,0.0,454.0,3.0,47.22,2020,10
CN_SN,Shaanxi,2020-11,44.0,0.0,498.0,3.0,49.722,2020,11
CN_SN,Shaanxi,2020-12,8.0,0.0,506.0,3.0,51.925483870967746,2020,12
CN_SN,Shaanxi,2021-01,33.0,0.0,539.0,3.0,59.40677419354839,2021,1
CN_SN,Shaanxi,2021-02,12.0,0.0,551.0,3.0,56.28214285714285,2021,2
CN_SN,Shaanxi,2021-03,16.0,0.0,567.0,3.0,51.79354838709677,2021,3
CN_SN,Shaanxi,2021-04,23.0,0.0,590.0,3.0,50.0,2021,4
CN_SN,Shaanxi,2021-05,26.0,0.0,616.0,3.0,45.699999999999996,2021,5
CN_SN,Shaanxi,2021-06,10.0,0.0,626.0,3.0,40.925333333333334,2021,6
CN_SN,Shaanxi,2021-07,30.0,0.0,656.0,3.0,39.39483870967742,2021,7
CN_SN,Shaanxi,2021-08,13.0,0.0,669.0,3.0,53.46548387096774,2021,8
CN_SN,Shaanxi,2021-09,2.0,0.0,671.0,3.0,50.153666666666666,2021,9
CN_SN,Shaanxi,2021-10,26.0,0.0,697.0,3.0,51.01483870967742,2021,10
CN_SN,Shaanxi,2021-11,10.0,0.0,707.0,3.0,56.175666666666665,2021,11
CN_SN,Shaanxi,2021-12,1337.0,0.0,2044.0,3.0,65.33774193548388,2021,12
CN_SN,Shaanxi,2022-01,782.0,0.0,2826.0,3.0,74.86806451612902,2022,1
CN_SN,Shaanxi,2022-02,0.0,0.0,2826.0,3.0,59.91857142857143,2022,2
CN_SN,Shaanxi,2022-03,395.0,0.0,3221.0,3.0,66.71225806451612,2022,3
CN_SN,Shaanxi,2022-04,56.0,0.0,3277.0,3.0,70.41799999999999,2022,4
CN_SN,Shaanxi,2022-05,6.0,0.0,3283.0,3.0,58.24709677419355,2022,5
CN_SN,Shaanxi,2022-06,48.0,0.0,3331.0,3.0,62.5,2022,6
CN_SN,Shaanxi,2022-07,51.0,0.0,3382.0,3.0,63.05096774193548,2022,7
CN_SN,Shaanxi,2022-08,287.0,0.0,3669.0,3.0,75.69806451612902,2022,8
CN_SN,Shaanxi,2022-09,46.0,0.0,3715.0,3.0,71.2429411764706,2022,9
CN_SX,Shanxi,2020-01,39.0,0.0,39.0,0.0,17.622903225806454,2020,1
CN_SX,Shanxi,2020-02,94.0,0.0,133.0,0.0,78.16137931034483,2020,2
CN_SX,Shanxi,2020-03,3.0,0.0,136.0,0.0,68.11548387096774,2020,3
CN_SX,Shanxi,2020-04,61.0,0.0,197.0,0.0,65.74,2020,4
CN_SX,Shanxi,2020-05,1.0,0.0,198.0,0.0,62.63451612903226,2020,5
CN_SX,Shanxi,2020-06,0.0,0.0,198.0,0.0,52.965,2020,6
CN_SX,Shanxi,2020-07,3.0,0.0,201.0,0.0,50.627741935483876,2020,7
CN_SX,Shanxi,2020-08,2.0,0.0,203.0,0.0,47.22,2020,8
CN_SX,Shanxi,2020-09,1.0,0.0,204.0,0.0,46.665,2020,9
CN_SX,Shanxi,2020-10,8.0,0.0,212.0,0.0,41.67,2020,10
CN_SX,Shanxi,2020-11,9.0,0.0,221.0,0.0,44.163,2020,11
CN_SX,Shanxi,2020-12,3.0,0.0,224.0,0.0,44.44,2020,12
CN_SX,Shanxi,2021-01,14.0,0.0,238.0,0.0,57.08064516129032,2021,1
CN_SX,Shanxi,2021-02,2.0,0.0,240.0,0.0,54.33142857142857,2021,2
CN_SX,Shanxi,2021-03,1.0,0.0,241.0,0.0,50.059677419354834,2021,3
CN_SX,Shanxi,2021-04,10.0,0.0,251.0,0.0,43.885666666666665,2021,4
CN_SX,Shanxi,2021-05,2.0,0.0,253.0,0.0,42.11258064516129,2021,5
CN_SX,Shanxi,2021-06,0.0,0.0,253.0,0.0,44.43999999999999,2021,6
CN_SX,Shanxi,2021-07,0.0,0.0,253.0,0.0,46.41290322580645,2021,7
CN_SX,Shanxi,2021-08,6.0,0.0,259.0,0.0,57.61387096774193,2021,8
CN_SX,Shanxi,2021-09,1.0,0.0,260.0,0.0,55.65233333333334,2021,9
CN_SX,Shanxi,2021-10,0.0,0.0,260.0,0.0,55.56,2021,10
CN_SX,Shanxi,2021-11,5.0,0.0,265.0,0.0,59.57266666666666,2021,11
CN_SX,Shanxi,2021-12,1.0,0.0,266.0,0.0,59.29322580645161,2021,12
CN_SX,Shanxi,2022-01,1.0,0.0,267.0,0.0,58.79709677419355,2022,1
CN_SX,Shanxi,2022-02,12.0,0.0,279.0,0.0,56.38071428571429,2022,2
CN_SX,Shanxi,2022-03,31.0,0.0,310.0,0.0,62.88741935483871,2022,3
CN_SX,Shanxi,2022-04,108.0,0.0,418.0,0.0,61.76133333333333,2022,4
CN_SX,Shanxi,2022-05,2.0,0.0,420.0,0.0,72.24870967741936,2022,5
CN_SX,Shanxi,2022-06,3.0,0.0,423.0,0.0,74.07,2022,6
CN_SX,Shanxi,2022-07,5.0,0.0,428.0,0.0,74.42999999999999,2022,7
CN_SX,Shanxi,2022-08,41.0,0.0,469.0,0.0,73.5683870967742,2022,8
CN_SX,Shanxi,2022-09,0.0,0.0,469.0,0.0,63.20529411764706,2022,9
CN_TJ,Tianjin,2020-01,32.0,0.0,32.0,0.0,20.34225806451613,2020,1
CN_TJ,Tianjin,2020-02,104.0,3.0,136.0,3.0,84.3548275862069,2020,2
CN_TJ,Tianjin,2020-03,38.0,0.0,174.0,3.0,76.40290322580645,2020,3
CN_TJ,Tianjin,2020-04,16.0,0.0,190.0,3.0,70.86333333333333,2020,4
CN_TJ,Tianjin,2020-05,2.0,0.0,192.0,3.0,68.52,2020,5
CN_TJ,Tianjin,2020-06,6.0,0.0,198.0,3.0,64.93366666666667,2020,6
CN_TJ,Tianjin,2020-07,7.0,0.0,205.0,3.0,63.85516129032258,2020,7
CN_TJ,Tianjin,2020-08,24.0,0.0,229.0,3.0,59.498709677419356,2020,8
CN_TJ,Tianjin,2020-09,11.0,0.0,240.0,3.0,49.443999999999996,2020,9
CN_TJ,Tianjin,2020-10,30.0,0.0,270.0,3.0,46.233548387096775,2020,10
CN_TJ,Tianjin,2020-11,30.0,0.0,300.0,3.0,56.21933333333333,2020,11
CN_TJ,Tianjin,2020-12,9.0,0.0,309.0,3.0,48.69870967741935,2020,12
CN_TJ,Tianjin,2021-01,34.0,0.0,343.0,3.0,37.48258064516129,2021,1
CN_TJ,Tianjin,2021-02,13.0,0.0,356.0,3.0,37.96,2021,2
CN_TJ,Tianjin,2021-03,17.0,0.0,373.0,3.0,39.03612903225807,2021,3
CN_TJ,Tianjin,2021-04,12.0,0.0,385.0,3.0,40.74,2021,4
CN_TJ,Tianjin,2021-05,8.0,0.0,393.0,3.0,40.74,2021,5
CN_TJ,Tianjin,2021-06,8.0,0.0,401.0,3.0,40.74,2021,6
CN_TJ,Tianjin,2021-07,21.0,0.0,422.0,3.0,40.74,2021,7
CN_TJ,Tianjin,2021-08,51.0,0.0,473.0,3.0,40.74,2021,8
CN_TJ,Tianjin,2021-09,14.0,0.0,487.0,3.0,45.744,2021,9
CN_TJ,Tianjin,2021-10,17.0,0.0,504.0,3.0,46.3,2021,10
CN_TJ,Tianjin,2021-11,27.0,0.0,531.0,3.0,46.3,2021,11
CN_TJ,Tianjin,2021-12,49.0,0.0,580.0,3.0,46.3,2021,12
CN_TJ,Tianjin,2022-01,435.0,0.0,1015.0,3.0,65.29322580645162,2022,1
CN_TJ,Tianjin,2022-02,104.0,0.0,1119.0,3.0,73.94214285714285,2022,2
CN_TJ,Tianjin,2022-03,667.0,0.0,1786.0,3.0,70.09935483870967,2022,3
CN_TJ,Tianjin,2022-04,17.0,0.0,1803.0,3.0,71.818,2022,4
CN_TJ,Tianjin,2022-05,172.0,0.0,1975.0,3.0,69.9483870967742,2022,5
CN_TJ,Tianjin,2022-06,33.0,0.0,2008.0,3.0,65.184,2022,6
CN_TJ,Tianjin,2022-07,73.0,0.0,2081.0,3.0,67.8025806451613,2022,7
CN_TJ,Tianjin,2022-08,120.0,0.0,2201.0,3.0,68.52,2022,8
CN_TJ,Tianjin,2022-09,68.0,0.0,2269.0,3.0,73.19941176470587,2022,9
CN_XJ,Xinjiang,2020-01,17.0,0.0,17.0,0.0,23.74741935483871,2020,1
CN_XJ,Xinjiang,2020-02,59.0,3.0,76.0,3.0,89.7544827586207,2020,2
CN_XJ,Xinjiang,2020-03,0.0,0.0,76.0,3.0,64.99387096774193,2020,3
CN_XJ,Xinjiang,2020-04,0.0,0.0,76.0,3.0,50.0,2020,4
CN_XJ,Xinjiang,2020-05,0.0,0.0,76.0,3.0,50.0,2020,5
CN_XJ,Xinjiang,2020-06,0.0,0.0,76.0,3.0,50.0,2020,6
CN_XJ,Xinjiang,2020-07,532.0,0.0,608.0,3.0,65.05548387096775,2020,7
CN_XJ,Xinjiang,2020-08,294.0,0.0,902.0,3.0,77.1383870967742,2020,8
CN_XJ,Xinjiang,2020-09,0.0,0.0,902.0,3.0,43.577,2020,9
CN_XJ,Xinjiang,2020-10,51.0,0.0,953.0,3.0,45.12096774193548,2020,10
CN_XJ,Xinjiang,2020-11,27.0,0.0,980.0,3.0,64.071,2020,11
CN_XJ,Xinjiang,2020-12,0.0,0.0,980.0,3.0,54.50838709677419,2020,12
CN_XJ,Xinjiang,2021-01,0.0,0.0,980.0,3.0,43.52,2021,1
CN_XJ,Xinjiang,2021-02,0.0,0.0,980.0,3.0,43.52,2021,2
CN_XJ,Xinjiang,2021-03,0.0,0.0,980.0,3.0,43.52,2021,3
CN_XJ,Xinjiang,2021-04,0.0,0.0,980.0,3.0,43.52,2021,4
CN_XJ,Xinjiang,2021-05,0.0,0.0,980.0,3.0,43.52,2021,5
CN_XJ,Xinjiang,2021-06,0.0,0.0,980.0,3.0,43.51766666666666,2021,6
CN_XJ,Xinjiang,2021-07,0.0,0.0,980.0,3.0,40.74,2021,7
CN_XJ,Xinjiang,2021-08,0.0,0.0,980.0,3.0,45.22387096774194,2021,8
CN_XJ,Xinjiang,2021-09,0.0,0.0,980.0,3.0,46.3,2021,9
CN_XJ,Xinjiang,2021-10,1.0,0.0,981.0,3.0,55.43516129032258,2021,10
CN_XJ,Xinjiang,2021-11,0.0,0.0,981.0,3.0,54.17,2021,11
CN_XJ,Xinjiang,2021-12,0.0,0.0,981.0,3.0,55.56,2021,12
CN_XJ,Xinjiang,2022-01,8.0,0.0,989.0,3.0,55.56,2022,1
CN_XJ,Xinjiang,2022-02,7.0,0.0,996.0,3.0,55.56,2022,2
CN_XJ,Xinjiang,2022-03,1.0,0.0,997.0,3.0,55.56,2022,3
CN_XJ,Xinjiang,2022-04,4.0,0.0,1001.0,3.0,55.56000000000001,2022,4
CN_XJ,Xinjiang,2022-05,7.0,0.0,1008.0,3.0,55.56,2022,5
CN_XJ,Xinjiang,2022-06,0.0,0.0,1008.0,3.0,55.56000000000001,2022,6
CN_XJ,Xinjiang,2022-07,0.0,0.0,1008.0,3.0,49.82064516129032,2022,7
CN_XJ,Xinjiang,2022-08,118.0,0.0,1126.0,3.0,65.58967741935484,2022,8
CN_XJ,Xinjiang,2022-09,35.0,0.0,1161.0,3.0,81.02,2022,9
CN_XZ,Tibet,2020-01,1.0,0.0,1.0,0.0,15.920967741935483,2020,1
CN_XZ,Tibet,2020-02,0.0,0.0,1.0,0.0,72.83000000000001,2020,2
CN_XZ,Tibet,2020-03,0.0,0.0,1.0,0.0,72.72967741935483,2020,3
CN_XZ,Tibet,2020-04,0.0,0.0,1.0,0.0,66.978,2020,4
CN_XZ,Tibet,2020-05,0.0,0.0,1.0,0.0,59.64645161290323,2020,5
CN_XZ,Tibet,2020-06,0.0,0.0,1.0,0.0,58.33,2020,6
CN_XZ,Tibet,2020-07,0.0,0.0,1.0,0.0,58.33,2020,7
CN_XZ,Tibet,2020-08,0.0,0.0,1.0,0.0,58.33,2020,8
CN_XZ,Tibet,2020-09,0.0,0.0,1.0,0.0,57.775,2020,9
CN_XZ,Tibet,2020-10,0.0,0.0,1.0,0.0,52.78,2020,10
CN_XZ,Tibet,2020-11,0.0,0.0,1.0,0.0,55.282000000000004,2020,11
CN_XZ,Tibet,2020-12,0.0,0.0,1.0,0.0,55.56,2020,12
CN_XZ,Tibet,2021-01,0.0,0.0,1.0,0.0,50.62580645161291,2021,1
CN_XZ,Tibet,2021-02,0.0,0.0,1.0,0.0,49.07,2021,2
CN_XZ,Tibet,2021-03,0.0,0.0,1.0,0.0,45.48935483870968,2021,3
CN_XZ,Tibet,2021-04,0.0,0.0,1.0,0.0,43.52,2021,4
CN_XZ,Tibet,2021-05,0.0,0.0,1.0,0.0,43.52,2021,5
CN_XZ,Tibet,2021-06,0.0,0.0,1.0,0.0,43.52,2021,6
CN_XZ,Tibet,2021-07,0.0,0.0,1.0,0.0,43.52,2021,7
CN_XZ,Tibet,2021-08,0.0,0.0,1.0,0.0,43.52,2021,8
CN_XZ,Tibet,2021-09,0.0,0.0,1.0,0.0,43.52,2021,9
CN_XZ,Tibet,2021-10,0.0,0.0,1.0,0.0,43.52,2021,10
CN_XZ,Tibet,2021-11,0.0,0.0,1.0,0.0,43.52,2021,11
CN_XZ,Tibet,2021-12,0.0,0.0,1.0,0.0,43.52,2021,12
CN_XZ,Tibet,2022-01,0.0,0.0,1.0,0.0,43.52,2022,1
CN_XZ,Tibet,2022-02,0.0,0.0,1.0,0.0,43.52,2022,2
CN_XZ,Tibet,2022-03,0.0,0.0,1.0,0.0,43.52,2022,3
CN_XZ,Tibet,2022-04,0.0,0.0,1.0,0.0,47.59,2022,4
CN_XZ,Tibet,2022-05,0.0,0.0,1.0,0.0,49.07,2022,5
CN_XZ,Tibet,2022-06,0.0,0.0,1.0,0.0,49.07,2022,6
CN_XZ,Tibet,2022-07,0.0,0.0,1.0,0.0,49.07,2022,7
CN_XZ,Tibet,2022-08,713.0,0.0,714.0,0.0,72.20838709677419,2022,8
CN_XZ,Tibet,2022-09,515.0,0.0,1229.0,0.0,84.12647058823529,2022,9
CN_YN,Yunnan,2020-01,83.0,0.0,83.0,0.0,19.385483870967743,2020,1
CN_YN,Yunnan,2020-02,91.0,2.0,174.0,2.0,71.55,2020,2
CN_YN,Yunnan,2020-03,7.0,0.0,181.0,2.0,63.440322580645166,2020,3
CN_YN,Yunnan,2020-04,4.0,0.0,185.0,2.0,67.15666666666667,2020,4
CN_YN,Yunnan,2020-05,0.0,0.0,185.0,2.0,60.453548387096774,2020,5
CN_YN,Yunnan,2020-06,0.0,0.0,185.0,2.0,59.26,2020,6
CN_YN,Yunnan,2020-07,6.0,0.0,191.0,2.0,56.751612903225805,2020,7
CN_YN,Yunnan,2020-08,8.0,0.0,199.0,2.0,52.78,2020,8
CN_YN,Yunnan,2020-09,10.0,0.0,209.0,2.0,56.29866666666667,2020,9
CN_YN,Yunnan,2020-10,4.0,0.0,213.0,2.0,47.22,2020,10
CN_YN,Yunnan,2020-11,6.0,0.0,219.0,2.0,49.722,2020,11
CN_YN,Yunnan,2020-12,12.0,0.0,229.0,2.0,50.53709677419355,2020,12
CN_YN,Yunnan,2021-01,2.0,0.0,231.0,2.0,52.567419354838705,2021,1
CN_YN,Yunnan,2021-02,2.0,0.0,233.0,2.0,57.410000000000004,2021,2
CN_YN,Yunnan,2021-03,8.0,0.0,241.0,2.0,52.763548387096776,2021,3
CN_YN,Yunnan,2021-04,101.0,0.0,342.0,2.0,78.02733333333335,2021,4
CN_YN,Yunnan,2021-05,10.0,0.0,352.0,2.0,64.34967741935483,2021,5
CN_YN,Yunnan,2021-06,65.0,0.0,417.0,2.0,61.57,2021,6
CN_YN,Yunnan,2021-07,387.0,0.0,804.0,2.0,68.80354838709677,2021,7
CN_YN,Yunnan,2021-08,285.0,0.0,1089.0,2.0,69.91,2021,8
CN_YN,Yunnan,2021-09,326.0,0.0,1415.0,2.0,67.93133333333334,2021,9
CN_YN,Yunnan,2021-10,148.0,0.0,1563.0,2.0,62.88580645161291,2021,10
CN_YN,Yunnan,2021-11,136.0,0.0,1699.0,2.0,65.462,2021,11
CN_YN,Yunnan,2021-12,116.0,0.0,1815.0,2.0,70.31354838709677,2021,12
CN_YN,Yunnan,2022-01,52.0,0.0,1867.0,2.0,68.74419354838709,2022,1
CN_YN,Yunnan,2022-02,79.0,0.0,1946.0,2.0,64.74714285714285,2022,2
CN_YN,Yunnan,2022-03,120.0,0.0,2066.0,2.0,68.2074193548387,2022,3
CN_YN,Yunnan,2022-04,53.0,0.0,2119.0,2.0,62.43966666666666,2022,4
CN_YN,Yunnan,2022-05,29.0,0.0,2148.0,2.0,58.31999999999999,2022,5
CN_YN,Yunnan,2022-06,26.0,0.0,2174.0,2.0,55.21333333333334,2022,6
CN_YN,Yunnan,2022-07,33.0,0.0,2207.0,2.0,55.09,2022,7
CN_YN,Yunnan,2022-08,70.0,0.0,2277.0,2.0,55.09,2022,8
CN_YN,Yunnan,2022-09,53.0,0.0,2330.0,2.0,55.09,2022,9
CN_ZJ,Zhejiang,2020-01,538.0,0.0,538.0,0.0,23.895806451612902,2020,1
CN_ZJ,Zhejiang,2020-02,667.0,1.0,1205.0,1.0,77.77862068965517,2020,2
CN_ZJ,Zhejiang,2020-03,52.0,0.0,1257.0,1.0,61.858064516129026,2020,3
CN_ZJ,Zhejiang,2020-04,11.0,0.0,1268.0,1.0,55.49333333333333,2020,4
CN_ZJ,Zhejiang,2020-05,0.0,0.0,1268.0,1.0,50.93,2020,5
CN_ZJ,Zhejiang,2020-06,1.0,0.0,1269.0,1.0,50.93,2020,6
CN_ZJ,Zhejiang,2020-07,1.0,0.0,1270.0,1.0,49.493870967741934,2020,7
CN_ZJ,Zhejiang,2020-08,8.0,0.0,1278.0,1.0,47.22,2020,8
CN_ZJ,Zhejiang,2020-09,4.0,0.0,1282.0,1.0,46.665,2020,9
CN_ZJ,Zhejiang,2020-10,4.0,0.0,1286.0,1.0,41.67,2020,10
CN_ZJ,Zhejiang,2020-11,8.0,0.0,1294.0,1.0,44.163,2020,11
CN_ZJ,Zhejiang,2020-12,12.0,0.0,1306.0,1.0,44.44,2020,12
CN_ZJ,Zhejiang,2021-01,10.0,0.0,1316.0,1.0,58.33,2021,1
CN_ZJ,Zhejiang,2021-02,5.0,0.0,1321.0,1.0,58.33,2021,2
CN_ZJ,Zhejiang,2021-03,2.0,0.0,1323.0,1.0,58.33,2021,3
CN_ZJ,Zhejiang,2021-04,20.0,0.0,1343.0,1.0,56.477999999999994,2021,4
CN_ZJ,Zhejiang,2021-05,21.0,0.0,1364.0,1.0,44.44,2021,5
CN_ZJ,Zhejiang,2021-06,22.0,0.0,1386.0,1.0,57.25266666666666,2021,6
CN_ZJ,Zhejiang,2021-07,9.0,0.0,1395.0,1.0,48.22096774193548,2021,7
CN_ZJ,Zhejiang,2021-08,35.0,0.0,1430.0,1.0,61.22806451612904,2021,8
CN_ZJ,Zhejiang,2021-09,18.0,0.0,1448.0,1.0,50.416000000000004,2021,9
CN_ZJ,Zhejiang,2021-10,35.0,0.0,1483.0,1.0,45.740645161290324,2021,10
CN_ZJ,Zhejiang,2021-11,20.0,0.0,1503.0,1.0,54.25666666666667,2021,11
CN_ZJ,Zhejiang,2021-12,521.0,0.0,2016.0,1.0,67.8316129032258,2021,12
CN_ZJ,Zhejiang,2022-01,98.0,0.0,2114.0,1.0,63.00677419354839,2022,1
CN_ZJ,Zhejiang,2022-02,151.0,0.0,2265.0,1.0,60.105357142857144,2022,2
CN_ZJ,Zhejiang,2022-03,417.0,0.0,2682.0,1.0,69.63903225806452,2022,3
CN_ZJ,Zhejiang,2022-04,427.0,0.0,3109.0,1.0,74.383,2022,4
CN_ZJ,Zhejiang,2022-05,28.0,0.0,3137.0,1.0,63.053548387096775,2022,5
CN_ZJ,Zhejiang,2022-06,18.0,0.0,3155.0,1.0,50.71033333333333,2022,6
CN_ZJ,Zhejiang,2022-07,43.0,0.0,3198.0,1.0,50.0,2022,7
CN_ZJ,Zhejiang,2022-08,183.0,0.0,3381.0,1.0,67.36870967741935,2022,8
CN_ZJ,Zhejiang,2022-09,13.0,0.0,3394.0,1.0,54.08529411764706,2022,9
,Anhui,2022-09,0.0,0.0,,,63.53230769230769,2022,9
,Anhui,2022-10,0.0,0.0,,,69.24967741935485,2022,10
,Anhui,2022-11,0.0,0.0,,,65.38566666666667,2022,11
,Anhui,2022-12,0.0,0.0,,,30.018709677419356,2022,12
,Anhui,2023-01,0.0,0.0,,,18.550967741935484,2023,1
,Anhui,2023-02,0.0,0.0,,,15.142142857142858,2023,2
,Beijing,2022-09,0.0,0.0,,,79.63000000000001,2022,9
,Beijing,2022-10,0.0,0.0,,,77.65709677419355,2022,10
,Beijing,2022-11,0.0,0.0,,,76.66699999999999,2022,11
,Beijing,2022-12,0.0,0.0,,,58.663870967741936,2022,12
,Beijing,2023-01,0.0,0.0,,,21.713548387096775,2023,1
,Beijing,2023-02,0.0,0.0,,,17.59,2023,2
,Chongqing,2022-09,0.0,0.0,,,54.63,2022,9
,Chongqing,2022-10,0.0,0.0,,,62.395483870967745,2022,10
,Chongqing,2022-11,0.0,0.0,,,84.45833333333333,2022,11
,Chongqing,2022-12,0.0,0.0,,,34.82709677419355,2022,12
,Chongqing,2023-01,0.0,0.0,,,22.490000000000002,2023,1
,Chongqing,2023-02,0.0,0.0,,,23.15,2023,2
,Fujian,2022-09,0.0,0.0,,,53.7,2022,9
,Fujian,2022-10,0.0,0.0,,,54.59612903225806,2022,10
,Fujian,2022-11,0.0,0.0,,,56.41833333333333,2022,11
,Fujian,2022-12,0.0,0.0,,,46.59225806451612,2022,12
,Fujian,2023-01,0.0,0.0,,,40.14322580645162,2023,1
,Fujian,2023-02,0.0,0.0,,,38.89,2023,2
,Gansu,2022-09,0.0,0.0,,,75.92461538461538,2022,9
,Gansu,2022-10,0.0,0.0,,,76.14935483870968,2022,10
,Gansu,2022-11,0.0,0.0,,,68.97999999999999,2022,11
,Gansu,2022-12,0.0,0.0,,,40.29419354838709,2022,12
,Gansu,2023-01,0.0,0.0,,,25.953225806451613,2023,1
,Gansu,2023-02,0.0,0.0,,,24.07,2023,2
,Guangdong,2022-09,0.0,0.0,,,69.91,2022,9
,Guangdong,2022-10,0.0,0.0,,,69.91,2022,10
,Guangdong,2022-11,0.0,0.0,,,76.57466666666666,2022,11
,Guangdong,2022-12,0.0,0.0,,,56.064193548387095,2022,12
,Guangdong,2023-01,0.0,0.0,,,40.14322580645162,2023,1
,Guangdong,2023-02,0.0,0.0,,,38.89,2023,2
,Guangxi,2022-09,0.0,0.0,,,55.559999999999995,2022,9
,Guangxi,2022-10,0.0,0.0,,,55.56,2022,10
,Guangxi,2022-11,0.0,0.0,,,56.94833333333334,2022,11
,Guangxi,2022-12,0.0,0.0,,,45.43064516129032,2022,12
,Guangxi,2023-01,0.0,0.0,,,30.73483870967742,2023,1
,Guangxi,2023-02,0.0,0.0,,,21.3,2023,2
,Guizhou,2022-09,0.0,0.0,,,78.24,2022,9
,Guizhou,2022-10,0.0,0.0,,,60.693548387096776,2022,10
,Guizhou,2022-11,0.0,0.0,,,40.74,2022,11
,Guizhou,2022-12,0.0,0.0,,,32.20193548387097,2022,12
,Guizhou,2023-01,0.0,0.0,,,28.40774193548387,2023,1
,Guizhou,2023-02,0.0,0.0,,,27.78,2023,2
,Hainan,2022-09,0.0,0.0,,,68.19538461538461,2022,9
,Hainan,2022-10,0.0,0.0,,,45.30870967741935,2022,10
,Hainan,2022-11,0.0,0.0,,,37.96,2022,11
,Hainan,2022-12,0.0,0.0,,,22.30774193548387,2022,12
,Hainan,2023-01,0.0,0.0,,,19.563548387096777,2023,1
,Hainan,2023-02,0.0,0.0,,,17.52642857142857,2023,2
,Hebei,2022-09,0.0,0.0,,,55.48615384615385,2022,9
,Hebei,2022-10,0.0,0.0,,,54.25483870967742,2022,10
,Hebei,2022-11,0.0,0.0,,,64.47566666666667,2022,11
,Hebei,2022-12,0.0,0.0,,,44.60870967741935,2022,12
,Hebei,2023-01,0.0,0.0,,,31.81322580645161,2023,1
,Hebei,2023-02,0.0,0.0,,,27.78,2023,2
,Heilongjiang,2022-09,0.0,0.0,,,58.65384615384615,2022,9
,Heilongjiang,2022-10,0.0,0.0,,,52.851612903225806,2022,10
,Heilongjiang,2022-11,0.0,0.0,,,62.378,2022,11
,Heilongjiang,2022-12,0.0,0.0,,,42.45612903225807,2022,12
,Heilongjiang,2023-01,0.0,0.0,,,24.804193548387094,2023,1
,Heilongjiang,2023-02,0.0,0.0,,,19.112142857142857,2023,2
,Henan,2022-09,0.0,0.0,,,69.94153846153846,2022,9
,Henan,2022-10,0.0,0.0,,,81.33354838709678,2022,10
,Henan,2022-11,0.0,0.0,,,79.17,2022,11
,Henan,2022-12,0.0,0.0,,,61.262580645161286,2022,12
,Henan,2023-01,0.0,0.0,,,44.23516129032258,2023,1
,Henan,2023-02,0.0,0.0,,,21.564285714285717,2023,2
,Hubei,2022-09,0.0,0.0,,,55.559999999999995,2022,9
,Hubei,2022-10,0.0,0.0,,,58.00677419354839,2022,10
,Hubei,2022-11,0.0,0.0,,,57.41,2022,11
,Hubei,2022-12,0.0,0.0,,,41.27967741935484,2022,12
,Hubei,2023-01,0.0,0.0,,,31.81322580645161,2023,1
,Hubei,2023-02,0.0,0.0,,,30.56,2023,2
,Hunan,2022-09,0.0,0.0,,,44.91,2022,9
,Hunan,2022-10,0.0,0.0,,,63.33451612903225,2022,10
,Hunan,2022-11,0.0,0.0,,,72.48466666666667,2022,11
,Hunan,2022-12,0.0,0.0,,,41.55032258064516,2022,12
,Hunan,2023-01,0.0,0.0,,,30.49258064516129,2023,1
,Hunan,2023-02,0.0,0.0,,,27.180357142857144,2023,2
,Inner Mongolia,2022-09,0.0,0.0,,,55.09,2022,9
,Inner Mongolia,2022-10,0.0,0.0,,,54.19483870967743,2022,10
,Inner Mongolia,2022-11,0.0,0.0,,,49.54,2022,11
,Inner Mongolia,2022-12,0.0,0.0,,,48.94064516129033,2022,12
,Inner Mongolia,2023-01,0.0,0.0,,,39.380967741935486,2023,1
,Inner Mongolia,2023-02,0.0,0.0,,,36.44285714285714,2023,2
,Jiangsu,2022-09,0.0,0.0,,,57.690769230769234,2022,9
,Jiangsu,2022-10,0.0,0.0,,,58.33,2022,10
,Jiangsu,2022-11,0.0,0.0,,,58.33,2022,11
,Jiangsu,2022-12,0.0,0.0,,,41.903225806451616,2022,12
,Jiangsu,2023-01,0.0,0.0,,,26.494193548387095,2023,1
,Jiangsu,2023-02,0.0,0.0,,,21.630357142857143,2023,2
,Jiangxi,2022-09,0.0,0.0,,,78.24,2022,9
,Jiangxi,2022-10,0.0,0.0,,,63.46806451612903,2022,10
,Jiangxi,2022-11,0.0,0.0,,,58.33,2022,11
,Jiangxi,2022-12,0.0,0.0,,,55.917419354838714,2022,12
,Jiangxi,2023-01,0.0,0.0,,,32.62064516129032,2023,1
,Jiangxi,2023-02,0.0,0.0,,,25.93,2023,2
,Jilin,2022-09,0.0,0.0,,,63.89,2022,9
,Jilin,2022-10,0.0,0.0,,,59.40870967741935,2022,10
,Jilin,2022-11,0.0,0.0,,,58.81066666666666,2022,11
,Jilin,2022-12,0.0,0.0,,,28.835483870967742,2022,12
,Jilin,2023-01,0.0,0.0,,,14.54258064516129,2023,1
,Jilin,2023-02,0.0,0.0,,,14.81,2023,2
,Liaoning,2022-09,0.0,0.0,,,60.79230769230769,2022,9
,Liaoning,2022-10,0.0,0.0,,,58.06548387096774,2022,10
,Liaoning,2022-11,0.0,0.0,,,51.85,2022,11
,Liaoning,2022-12,0.0,0.0,,,38.77290322580645,2022,12
,Liaoning,2023-01,0.0,0.0,,,30.88548387096774,2023,1
,Liaoning,2023-02,0.0,0.0,,,28.969285714285714,2023,2
,Ningxia,2022-09,0.0,0.0,,,74.96307692307693,2022,9
,Ningxia,2022-10,0.0,0.0,,,78.24,2022,10
,Ningxia,2022-11,0.0,0.0,,,69.289,2022,11
,Ningxia,2022-12,0.0,0.0,,,40.28,2022,12
,Ningxia,2023-01,0.0,0.0,,,33.82322580645161,2023,1
,Ningxia,2023-02,0.0,0.0,,,33.00285714285714,2023,2
,Qinghai,2022-09,0.0,0.0,,,59.11769230769231,2022,9
,Qinghai,2022-10,0.0,0.0,,,60.30516129032258,2022,10
,Qinghai,2022-11,0.0,0.0,,,67.59,2022,11
,Qinghai,2022-12,0.0,0.0,,,36.94870967741935,2022,12
,Qinghai,2023-01,0.0,0.0,,,22.55322580645161,2023,1
,Qinghai,2023-02,0.0,0.0,,,19.047500000000003,2023,2
,Shaanxi,2022-09,0.0,0.0,,,66.77615384615385,2022,9
,Shaanxi,2022-10,0.0,0.0,,,64.42806451612903,2022,10
,Shaanxi,2022-11,0.0,0.0,,,57.812,2022,11
,Shaanxi,2022-12,0.0,0.0,,,43.95322580645161,2022,12
,Shaanxi,2023-01,0.0,0.0,,,27.416451612903224,2023,1
,Shaanxi,2023-02,0.0,0.0,,,24.07,2023,2
,Shandong,2022-09,0.0,0.0,,,82.15846153846154,2022,9
,Shandong,2022-10,0.0,0.0,,,77.07354838709678,2022,10
,Shandong,2022-11,0.0,0.0,,,83.979,2022,11
,Shandong,2022-12,0.0,0.0,,,66.98032258064515,2022,12
,Shandong,2023-01,0.0,0.0,,,46.14709677419355,2023,1
,Shandong,2023-02,0.0,0.0,,,40.74,2023,2
,Shanghai,2022-09,0.0,0.0,,,49.07,2022,9
,Shanghai,2022-10,0.0,0.0,,,47.369354838709675,2022,10
,Shanghai,2022-11,0.0,0.0,,,53.147333333333336,2022,11
,Shanghai,2022-12,0.0,0.0,,,30.075483870967744,2022,12
,Shanghai,2023-01,0.0,0.0,,,24.52258064516129,2023,1
,Shanghai,2023-02,0.0,0.0,,,21.3,2023,2
,Shanxi,2022-09,0.0,0.0,,,61.856153846153845,2022,9
,Shanxi,2022-10,0.0,0.0,,,63.43,2022,10
,Shanxi,2022-11,0.0,0.0,,,66.205,2022,11
,Shanxi,2022-12,0.0,0.0,,,45.965161290322584,2022,12
,Shanxi,2023-01,0.0,0.0,,,24.524838709677418,2023,1
,Shanxi,2023-02,0.0,0.0,,,21.3,2023,2
,Sichuan,2022-09,0.0,0.0,,,48.54153846153846,2022,9
,Sichuan,2022-10,0.0,0.0,,,54.880967741935486,2022,10
,Sichuan,2022-11,0.0,0.0,,,59.25933333333333,2022,11
,Sichuan,2022-12,0.0,0.0,,,46.20516129032258,2022,12
,Sichuan,2023-01,0.0,0.0,,,33.663225806451614,2023,1
,Sichuan,2023-02,0.0,0.0,,,32.41,2023,2
,Tianjin,2022-09,0.0,0.0,,,72.22,2022,9
,Tianjin,2022-10,0.0,0.0,,,72.22,2022,10
,Tianjin,2022-11,0.0,0.0,,,71.89566666666666,2022,11
,Tianjin,2022-12,0.0,0.0,,,66.53322580645163,2022,12
,Tianjin,2023-01,0.0,0.0,,,39.664838709677426,2023,1
,Tianjin,2023-02,0.0,0.0,,,21.3,2023,2
,Tibet,2022-09,0.0,0.0,,,78.24076923076923,2022,9
,Tibet,2022-10,0.0,0.0,,,69.33806451612904,2022,10
,Tibet,2022-11,0.0,0.0,,,61.97966666666667,2022,11
,Tibet,2022-12,0.0,0.0,,,39.30774193548387,2022,12
,Tibet,2023-01,0.0,0.0,,,31.90258064516129,2023,1
,Tibet,2023-02,0.0,0.0,,,30.56,2023,2
,Xinjiang,2022-09,0.0,0.0,,,81.02,2022,9
,Xinjiang,2022-10,0.0,0.0,,,81.02,2022,10
,Xinjiang,2022-11,0.0,0.0,,,78.78166666666667,2022,11
,Xinjiang,2022-12,0.0,0.0,,,49.43129032258065,2022,12
,Xinjiang,2023-01,0.0,0.0,,,22.55322580645161,2023,1
,Xinjiang,2023-02,0.0,0.0,,,21.3,2023,2
,Yunnan,2022-09,0.0,0.0,,,55.660000000000004,2022,9
,Yunnan,2022-10,0.0,0.0,,,64.58870967741936,2022,10
,Yunnan,2022-11,0.0,0.0,,,65.76833333333333,2022,11
,Yunnan,2022-12,0.0,0.0,,,53.77903225806452,2022,12
,Yunnan,2023-01,0.0,0.0,,,47.15193548387097,2023,1
,Yunnan,2023-02,0.0,0.0,,,47.69,2023,2
,Zhejiang,2022-09,0.0,0.0,,,54.84384615384616,2022,9
,Zhejiang,2022-10,0.0,0.0,,,67.4132258064516,2022,10
,Zhejiang,2022-11,0.0,0.0,,,57.809,2022,11
,Zhejiang,2022-12,0.0,0.0,,,33.18064516129032,2022,12
,Zhejiang,2023-01,0.0,0.0,,,22.250967741935483,2023,1
,Zhejiang,2023-02,0.0,0.0,,,20.37,2023,2
,,2020-01,0.0,0.0,,,21.595806451612905,2020,1
,,2020-02,0.0,0.0,,,76.99275862068966,2020,2
,,2020-03,0.0,0.0,,,79.52645161290323,2020,3
,,2020-04,0.0,0.0,,,60.212999999999994,2020,4
,,2020-05,0.0,0.0,,,74.68193548387096,2020,5
,,2020-06,0.0,0.0,,,78.48666666666666,2020,6
,,2020-07,0.0,0.0,,,78.24,2020,7
,,2020-08,0.0,0.0,,,78.24,2020,8
,,2020-09,0.0,0.0,,,60.092666666666666,2020,9
,,2020-10,0.0,0.0,,,63.0658064516129,2020,10
,,2020-11,0.0,0.0,,,69.477,2020,11
,,2020-12,0.0,0.0,,,79.07548387096773,2020,12
,,2021-01,0.0,0.0,,,78.24,2021,1
,,2021-02,0.0,0.0,,,74.07249999999999,2021,2
,,2021-03,0.0,0.0,,,52.987741935483875,2021,3
,,2021-04,0.0,0.0,,,74.47466666666666,2021,4
,,2021-05,0.0,0.0,,,68.44419354838709,2021,5
,,2021-06,0.0,0.0,,,74.29333333333334,2021,6
,,2021-07,0.0,0.0,,,73.88032258064516,2021,7
,,2021-08,0.0,0.0,,,79.17,2021,8
,,2021-09,0.0,0.0,,,77.31666666666666,2021,9
,,2021-10,0.0,0.0,,,78.45258064516129,2021,10
,,2021-11,0.0,0.0,,,79.17,2021,11
,,2021-12,0.0,0.0,,,79.17,2021,12
,,2022-01,0.0,0.0,,,79.05032258064516,2022,1
,,2022-02,0.0,0.0,,,79.17,2022,2
,,2022-03,0.0,0.0,,,79.17,2022,3
,,2022-04,0.0,0.0,,,78.92266666666666,2022,4
,,2022-05,0.0,0.0,,,79.17,2022,5
,,2022-06,0.0,0.0,,,79.17,2022,6
,,2022-07,0.0,0.0,,,79.17,2022,7
,,2022-08,0.0,0.0,,,79.17,2022,8
,,2022-09,0.0,0.0,,,79.17,2022,9
,,2022-10,0.0,0.0,,,79.17,2022,10
,,2022-11,0.0,0.0,,,79.17,2022,11
,,2022-12,0.0,0.0,,,60.619677419354836,2022,12
